[    2592ms] [LOG] [Fast Refresh] done in 3437ms @ webpack-internal:///(app-pages-browser)/./node_modules/.pnpm/next@15.5.19_react-dom@19.2.7_react@19.2.7__react@19.2.7/node_modules/next/dist/client/dev/report-hmr-latency.js:13
[    2685ms] [LOG] [Fast Refresh] rebuilding @ webpack-internal:///(app-pages-browser)/./node_modules/.pnpm/next@15.5.19_react-dom@19.2.7_react@19.2.7__react@19.2.7/node_modules/next/dist/client/dev/hot-reloader/app/hot-reloader-app.js:196
[    8372ms] [VERBOSE] [DOM] Input elements should have autocomplete attributes (suggested: "current-password"): (More info: https://goo.gl/9p2vKq) %o @ http://localhost:3001/admin/login/:0
[   10847ms] [INFO] %cDownload the React DevTools for a better development experience: https://react.dev/link/react-devtools font-weight:bold @ webpack-internal:///(app-pages-browser)/./node_modules/.pnpm/next@15.5.19_react-dom@19.2.7_react@19.2.7__react@19.2.7/node_modules/next/dist/compiled/react-dom/cjs/react-dom-client.development.js:25630
[   11802ms] [LOG] [Fast Refresh] rebuilding @ webpack-internal:///(app-pages-browser)/./node_modules/.pnpm/next@15.5.19_react-dom@19.2.7_react@19.2.7__react@19.2.7/node_modules/next/dist/client/dev/hot-reloader/app/hot-reloader-app.js:196
[   13336ms] [LOG] [Fast Refresh] done in 1535ms @ webpack-internal:///(app-pages-browser)/./node_modules/.pnpm/next@15.5.19_react-dom@19.2.7_react@19.2.7__react@19.2.7/node_modules/next/dist/client/dev/report-hmr-latency.js:13
[   13858ms] [LOG] [Fast Refresh] done in 2057ms @ webpack-internal:///(app-pages-browser)/./node_modules/.pnpm/next@15.5.19_react-dom@19.2.7_react@19.2.7__react@19.2.7/node_modules/next/dist/client/dev/report-hmr-latency.js:13
[   13977ms] [LOG] [Fast Refresh] rebuilding @ webpack-internal:///(app-pages-browser)/./node_modules/.pnpm/next@15.5.19_react-dom@19.2.7_react@19.2.7__react@19.2.7/node_modules/next/dist/client/dev/hot-reloader/app/hot-reloader-app.js:196
[   14917ms] [LOG] [Fast Refresh] done in 941ms @ webpack-internal:///(app-pages-browser)/./node_modules/.pnpm/next@15.5.19_react-dom@19.2.7_react@19.2.7__react@19.2.7/node_modules/next/dist/client/dev/report-hmr-latency.js:13
[   14926ms] [LOG] [Fast Refresh] rebuilding @ webpack-internal:///(app-pages-browser)/./node_modules/.pnpm/next@15.5.19_react-dom@19.2.7_react@19.2.7__react@19.2.7/node_modules/next/dist/client/dev/hot-reloader/app/hot-reloader-app.js:196
[   16374ms] [LOG] [Fast Refresh] done in 1447ms @ webpack-internal:///(app-pages-browser)/./node_modules/.pnpm/next@15.5.19_react-dom@19.2.7_react@19.2.7__react@19.2.7/node_modules/next/dist/client/dev/report-hmr-latency.js:13
[   16384ms] [LOG] [Fast Refresh] rebuilding @ webpack-internal:///(app-pages-browser)/./node_modules/.pnpm/next@15.5.19_react-dom@19.2.7_react@19.2.7__react@19.2.7/node_modules/next/dist/client/dev/hot-reloader/app/hot-reloader-app.js:196
[   17754ms] [LOG] [Fast Refresh] done in 1369ms @ webpack-internal:///(app-pages-browser)/./node_modules/.pnpm/next@15.5.19_react-dom@19.2.7_react@19.2.7__react@19.2.7/node_modules/next/dist/client/dev/report-hmr-latency.js:13
[   17764ms] [LOG] [Fast Refresh] rebuilding @ webpack-internal:///(app-pages-browser)/./node_modules/.pnpm/next@15.5.19_react-dom@19.2.7_react@19.2.7__react@19.2.7/node_modules/next/dist/client/dev/hot-reloader/app/hot-reloader-app.js:196
[   19209ms] [LOG] [Fast Refresh] done in 1445ms @ webpack-internal:///(app-pages-browser)/./node_modules/.pnpm/next@15.5.19_react-dom@19.2.7_react@19.2.7__react@19.2.7/node_modules/next/dist/client/dev/report-hmr-latency.js:13
[   19221ms] [LOG] [Fast Refresh] rebuilding @ webpack-internal:///(app-pages-browser)/./node_modules/.pnpm/next@15.5.19_react-dom@19.2.7_react@19.2.7__react@19.2.7/node_modules/next/dist/client/dev/hot-reloader/app/hot-reloader-app.js:196
[   21766ms] [LOG] [Fast Refresh] done in 2544ms @ webpack-internal:///(app-pages-browser)/./node_modules/.pnpm/next@15.5.19_react-dom@19.2.7_react@19.2.7__react@19.2.7/node_modules/next/dist/client/dev/report-hmr-latency.js:13
[   21774ms] [LOG] [Fast Refresh] rebuilding @ webpack-internal:///(app-pages-browser)/./node_modules/.pnpm/next@15.5.19_react-dom@19.2.7_react@19.2.7__react@19.2.7/node_modules/next/dist/client/dev/hot-reloader/app/hot-reloader-app.js:196
[   22250ms] [ERROR] Failed to load resource: the server responded with a status of 500 (Internal Server Error) @ http://localhost:3001/admin/login/?_rsc=JzCyA5Sdf84JtkF2:0
[   22835ms] [LOG] [Fast Refresh] done in 1061ms @ webpack-internal:///(app-pages-browser)/./node_modules/.pnpm/next@15.5.19_react-dom@19.2.7_react@19.2.7__react@19.2.7/node_modules/next/dist/client/dev/report-hmr-latency.js:13
[   22841ms] [LOG] [Fast Refresh] rebuilding @ webpack-internal:///(app-pages-browser)/./node_modules/.pnpm/next@15.5.19_react-dom@19.2.7_react@19.2.7__react@19.2.7/node_modules/next/dist/client/dev/hot-reloader/app/hot-reloader-app.js:196
[   23781ms] [LOG] [Fast Refresh] done in 940ms @ webpack-internal:///(app-pages-browser)/./node_modules/.pnpm/next@15.5.19_react-dom@19.2.7_react@19.2.7__react@19.2.7/node_modules/next/dist/client/dev/report-hmr-latency.js:13
[   23790ms] [LOG] [Fast Refresh] rebuilding @ webpack-internal:///(app-pages-browser)/./node_modules/.pnpm/next@15.5.19_react-dom@19.2.7_react@19.2.7__react@19.2.7/node_modules/next/dist/client/dev/hot-reloader/app/hot-reloader-app.js:196
[   25763ms] [LOG] [Fast Refresh] done in 1973ms @ webpack-internal:///(app-pages-browser)/./node_modules/.pnpm/next@15.5.19_react-dom@19.2.7_react@19.2.7__react@19.2.7/node_modules/next/dist/client/dev/report-hmr-latency.js:13
[   25768ms] [LOG] [Fast Refresh] rebuilding @ webpack-internal:///(app-pages-browser)/./node_modules/.pnpm/next@15.5.19_react-dom@19.2.7_react@19.2.7__react@19.2.7/node_modules/next/dist/client/dev/hot-reloader/app/hot-reloader-app.js:196
[   26236ms] [ERROR] Failed to load resource: the server responded with a status of 500 (Internal Server Error) @ http://localhost:3001/admin/login/?_rsc=JzCyA5Sdf84JtkF2:0
[   26966ms] [LOG] [Fast Refresh] done in 1198ms @ webpack-internal:///(app-pages-browser)/./node_modules/.pnpm/next@15.5.19_react-dom@19.2.7_react@19.2.7__react@19.2.7/node_modules/next/dist/client/dev/report-hmr-latency.js:13
[   27009ms] [LOG] [Fast Refresh] rebuilding @ webpack-internal:///(app-pages-browser)/./node_modules/.pnpm/next@15.5.19_react-dom@19.2.7_react@19.2.7__react@19.2.7/node_modules/next/dist/client/dev/hot-reloader/app/hot-reloader-app.js:196
[   27984ms] [LOG] [Fast Refresh] done in 975ms @ webpack-internal:///(app-pages-browser)/./node_modules/.pnpm/next@15.5.19_react-dom@19.2.7_react@19.2.7__react@19.2.7/node_modules/next/dist/client/dev/report-hmr-latency.js:13
[   27993ms] [LOG] [Fast Refresh] rebuilding @ webpack-internal:///(app-pages-browser)/./node_modules/.pnpm/next@15.5.19_react-dom@19.2.7_react@19.2.7__react@19.2.7/node_modules/next/dist/client/dev/hot-reloader/app/hot-reloader-app.js:196
[   28928ms] [LOG] [Fast Refresh] done in 934ms @ webpack-internal:///(app-pages-browser)/./node_modules/.pnpm/next@15.5.19_react-dom@19.2.7_react@19.2.7__react@19.2.7/node_modules/next/dist/client/dev/report-hmr-latency.js:13
[   28938ms] [LOG] [Fast Refresh] rebuilding @ webpack-internal:///(app-pages-browser)/./node_modules/.pnpm/next@15.5.19_react-dom@19.2.7_react@19.2.7__react@19.2.7/node_modules/next/dist/client/dev/hot-reloader/app/hot-reloader-app.js:196
[   29918ms] [LOG] [Fast Refresh] done in 980ms @ webpack-internal:///(app-pages-browser)/./node_modules/.pnpm/next@15.5.19_react-dom@19.2.7_react@19.2.7__react@19.2.7/node_modules/next/dist/client/dev/report-hmr-latency.js:13
[   29926ms] [LOG] [Fast Refresh] rebuilding @ webpack-internal:///(app-pages-browser)/./node_modules/.pnpm/next@15.5.19_react-dom@19.2.7_react@19.2.7__react@19.2.7/node_modules/next/dist/client/dev/hot-reloader/app/hot-reloader-app.js:196
[   30685ms] [LOG] [Fast Refresh] rebuilding @ webpack-internal:///(app-pages-browser)/./node_modules/.pnpm/next@15.5.19_react-dom@19.2.7_react@19.2.7__react@19.2.7/node_modules/next/dist/client/dev/hot-reloader/app/hot-reloader-app.js:196
[   30773ms] [LOG] [Fast Refresh] done in 88ms @ webpack-internal:///(app-pages-browser)/./node_modules/.pnpm/next@15.5.19_react-dom@19.2.7_react@19.2.7__react@19.2.7/node_modules/next/dist/client/dev/report-hmr-latency.js:13
[   32172ms] [LOG] [Fast Refresh] done in 1487ms @ webpack-internal:///(app-pages-browser)/./node_modules/.pnpm/next@15.5.19_react-dom@19.2.7_react@19.2.7__react@19.2.7/node_modules/next/dist/client/dev/report-hmr-latency.js:13
[   32177ms] [LOG] [Fast Refresh] rebuilding @ webpack-internal:///(app-pages-browser)/./node_modules/.pnpm/next@15.5.19_react-dom@19.2.7_react@19.2.7__react@19.2.7/node_modules/next/dist/client/dev/hot-reloader/app/hot-reloader-app.js:196
[   32764ms] [ERROR] Failed to load resource: the server responded with a status of 500 (Internal Server Error) @ http://localhost:3001/admin/login/?_rsc=JzCyA5Sdf84JtkF2:0
[   33224ms] [LOG] [Fast Refresh] done in 1046ms @ webpack-internal:///(app-pages-browser)/./node_modules/.pnpm/next@15.5.19_react-dom@19.2.7_react@19.2.7__react@19.2.7/node_modules/next/dist/client/dev/report-hmr-latency.js:13
[   33230ms] [LOG] [Fast Refresh] rebuilding @ webpack-internal:///(app-pages-browser)/./node_modules/.pnpm/next@15.5.19_react-dom@19.2.7_react@19.2.7__react@19.2.7/node_modules/next/dist/client/dev/hot-reloader/app/hot-reloader-app.js:196
[   34926ms] [LOG] [Fast Refresh] done in 1697ms @ webpack-internal:///(app-pages-browser)/./node_modules/.pnpm/next@15.5.19_react-dom@19.2.7_react@19.2.7__react@19.2.7/node_modules/next/dist/client/dev/report-hmr-latency.js:13
[   34935ms] [LOG] [Fast Refresh] rebuilding @ webpack-internal:///(app-pages-browser)/./node_modules/.pnpm/next@15.5.19_react-dom@19.2.7_react@19.2.7__react@19.2.7/node_modules/next/dist/client/dev/hot-reloader/app/hot-reloader-app.js:196
[   35986ms] [LOG] [Fast Refresh] done in 1050ms @ webpack-internal:///(app-pages-browser)/./node_modules/.pnpm/next@15.5.19_react-dom@19.2.7_react@19.2.7__react@19.2.7/node_modules/next/dist/client/dev/report-hmr-latency.js:13
[   36000ms] [LOG] [Fast Refresh] rebuilding @ webpack-internal:///(app-pages-browser)/./node_modules/.pnpm/next@15.5.19_react-dom@19.2.7_react@19.2.7__react@19.2.7/node_modules/next/dist/client/dev/hot-reloader/app/hot-reloader-app.js:196
[   36863ms] [LOG] [Fast Refresh] done in 863ms @ webpack-internal:///(app-pages-browser)/./node_modules/.pnpm/next@15.5.19_react-dom@19.2.7_react@19.2.7__react@19.2.7/node_modules/next/dist/client/dev/report-hmr-latency.js:13
[   36870ms] [LOG] [Fast Refresh] rebuilding @ webpack-internal:///(app-pages-browser)/./node_modules/.pnpm/next@15.5.19_react-dom@19.2.7_react@19.2.7__react@19.2.7/node_modules/next/dist/client/dev/hot-reloader/app/hot-reloader-app.js:196
[   37896ms] [LOG] [Fast Refresh] done in 1027ms @ webpack-internal:///(app-pages-browser)/./node_modules/.pnpm/next@15.5.19_react-dom@19.2.7_react@19.2.7__react@19.2.7/node_modules/next/dist/client/dev/report-hmr-latency.js:13
[   37907ms] [LOG] [Fast Refresh] rebuilding @ webpack-internal:///(app-pages-browser)/./node_modules/.pnpm/next@15.5.19_react-dom@19.2.7_react@19.2.7__react@19.2.7/node_modules/next/dist/client/dev/hot-reloader/app/hot-reloader-app.js:196
[   38771ms] [LOG] [Fast Refresh] done in 864ms @ webpack-internal:///(app-pages-browser)/./node_modules/.pnpm/next@15.5.19_react-dom@19.2.7_react@19.2.7__react@19.2.7/node_modules/next/dist/client/dev/report-hmr-latency.js:13
[   38787ms] [LOG] [Fast Refresh] rebuilding @ webpack-internal:///(app-pages-browser)/./node_modules/.pnpm/next@15.5.19_react-dom@19.2.7_react@19.2.7__react@19.2.7/node_modules/next/dist/client/dev/hot-reloader/app/hot-reloader-app.js:196
[   39581ms] [LOG] [Fast Refresh] done in 795ms @ webpack-internal:///(app-pages-browser)/./node_modules/.pnpm/next@15.5.19_react-dom@19.2.7_react@19.2.7__react@19.2.7/node_modules/next/dist/client/dev/report-hmr-latency.js:13
[   39588ms] [LOG] [Fast Refresh] rebuilding @ webpack-internal:///(app-pages-browser)/./node_modules/.pnpm/next@15.5.19_react-dom@19.2.7_react@19.2.7__react@19.2.7/node_modules/next/dist/client/dev/hot-reloader/app/hot-reloader-app.js:196
[   40891ms] [LOG] [Fast Refresh] done in 1303ms @ webpack-internal:///(app-pages-browser)/./node_modules/.pnpm/next@15.5.19_react-dom@19.2.7_react@19.2.7__react@19.2.7/node_modules/next/dist/client/dev/report-hmr-latency.js:13
[   40898ms] [LOG] [Fast Refresh] rebuilding @ webpack-internal:///(app-pages-browser)/./node_modules/.pnpm/next@15.5.19_react-dom@19.2.7_react@19.2.7__react@19.2.7/node_modules/next/dist/client/dev/hot-reloader/app/hot-reloader-app.js:196
[   41949ms] [LOG] [Fast Refresh] done in 1050ms @ webpack-internal:///(app-pages-browser)/./node_modules/.pnpm/next@15.5.19_react-dom@19.2.7_react@19.2.7__react@19.2.7/node_modules/next/dist/client/dev/report-hmr-latency.js:13
[   41958ms] [LOG] [Fast Refresh] rebuilding @ webpack-internal:///(app-pages-browser)/./node_modules/.pnpm/next@15.5.19_react-dom@19.2.7_react@19.2.7__react@19.2.7/node_modules/next/dist/client/dev/hot-reloader/app/hot-reloader-app.js:196
[   43144ms] [LOG] [Fast Refresh] done in 1186ms @ webpack-internal:///(app-pages-browser)/./node_modules/.pnpm/next@15.5.19_react-dom@19.2.7_react@19.2.7__react@19.2.7/node_modules/next/dist/client/dev/report-hmr-latency.js:13
[   43152ms] [LOG] [Fast Refresh] rebuilding @ webpack-internal:///(app-pages-browser)/./node_modules/.pnpm/next@15.5.19_react-dom@19.2.7_react@19.2.7__react@19.2.7/node_modules/next/dist/client/dev/hot-reloader/app/hot-reloader-app.js:196
[   44095ms] [LOG] [Fast Refresh] done in 943ms @ webpack-internal:///(app-pages-browser)/./node_modules/.pnpm/next@15.5.19_react-dom@19.2.7_react@19.2.7__react@19.2.7/node_modules/next/dist/client/dev/report-hmr-latency.js:13
[   44105ms] [LOG] [Fast Refresh] rebuilding @ webpack-internal:///(app-pages-browser)/./node_modules/.pnpm/next@15.5.19_react-dom@19.2.7_react@19.2.7__react@19.2.7/node_modules/next/dist/client/dev/hot-reloader/app/hot-reloader-app.js:196
[   45085ms] [LOG] [Fast Refresh] done in 981ms @ webpack-internal:///(app-pages-browser)/./node_modules/.pnpm/next@15.5.19_react-dom@19.2.7_react@19.2.7__react@19.2.7/node_modules/next/dist/client/dev/report-hmr-latency.js:13
[   45093ms] [LOG] [Fast Refresh] rebuilding @ webpack-internal:///(app-pages-browser)/./node_modules/.pnpm/next@15.5.19_react-dom@19.2.7_react@19.2.7__react@19.2.7/node_modules/next/dist/client/dev/hot-reloader/app/hot-reloader-app.js:196
[   46717ms] [LOG] [Fast Refresh] done in 1625ms @ webpack-internal:///(app-pages-browser)/./node_modules/.pnpm/next@15.5.19_react-dom@19.2.7_react@19.2.7__react@19.2.7/node_modules/next/dist/client/dev/report-hmr-latency.js:13
[   46795ms] [LOG] [Fast Refresh] rebuilding @ webpack-internal:///(app-pages-browser)/./node_modules/.pnpm/next@15.5.19_react-dom@19.2.7_react@19.2.7__react@19.2.7/node_modules/next/dist/client/dev/hot-reloader/app/hot-reloader-app.js:196
[   48467ms] [LOG] [Fast Refresh] rebuilding @ webpack-internal:///(app-pages-browser)/./node_modules/.pnpm/next@15.5.19_react-dom@19.2.7_react@19.2.7__react@19.2.7/node_modules/next/dist/client/dev/hot-reloader/app/hot-reloader-app.js:196
[   49198ms] [LOG] [Fast Refresh] done in 730ms @ webpack-internal:///(app-pages-browser)/./node_modules/.pnpm/next@15.5.19_react-dom@19.2.7_react@19.2.7__react@19.2.7/node_modules/next/dist/client/dev/report-hmr-latency.js:13
[   50185ms] [LOG] [Fast Refresh] done in 1717ms @ webpack-internal:///(app-pages-browser)/./node_modules/.pnpm/next@15.5.19_react-dom@19.2.7_react@19.2.7__react@19.2.7/node_modules/next/dist/client/dev/report-hmr-latency.js:13
[   50191ms] [LOG] [Fast Refresh] rebuilding @ webpack-internal:///(app-pages-browser)/./node_modules/.pnpm/next@15.5.19_react-dom@19.2.7_react@19.2.7__react@19.2.7/node_modules/next/dist/client/dev/hot-reloader/app/hot-reloader-app.js:196
[   50987ms] [LOG] [Fast Refresh] done in 796ms @ webpack-internal:///(app-pages-browser)/./node_modules/.pnpm/next@15.5.19_react-dom@19.2.7_react@19.2.7__react@19.2.7/node_modules/next/dist/client/dev/report-hmr-latency.js:13
[   50990ms] [LOG] [Fast Refresh] rebuilding @ webpack-internal:///(app-pages-browser)/./node_modules/.pnpm/next@15.5.19_react-dom@19.2.7_react@19.2.7__react@19.2.7/node_modules/next/dist/client/dev/hot-reloader/app/hot-reloader-app.js:196
[   52338ms] [LOG] [Fast Refresh] done in 1347ms @ webpack-internal:///(app-pages-browser)/./node_modules/.pnpm/next@15.5.19_react-dom@19.2.7_react@19.2.7__react@19.2.7/node_modules/next/dist/client/dev/report-hmr-latency.js:13
[   52351ms] [LOG] [Fast Refresh] rebuilding @ webpack-internal:///(app-pages-browser)/./node_modules/.pnpm/next@15.5.19_react-dom@19.2.7_react@19.2.7__react@19.2.7/node_modules/next/dist/client/dev/hot-reloader/app/hot-reloader-app.js:196
[   53939ms] [LOG] [Fast Refresh] done in 1588ms @ webpack-internal:///(app-pages-browser)/./node_modules/.pnpm/next@15.5.19_react-dom@19.2.7_react@19.2.7__react@19.2.7/node_modules/next/dist/client/dev/report-hmr-latency.js:13
[   53943ms] [LOG] [Fast Refresh] rebuilding @ webpack-internal:///(app-pages-browser)/./node_modules/.pnpm/next@15.5.19_react-dom@19.2.7_react@19.2.7__react@19.2.7/node_modules/next/dist/client/dev/hot-reloader/app/hot-reloader-app.js:196
[   54681ms] [LOG] [Fast Refresh] done in 738ms @ webpack-internal:///(app-pages-browser)/./node_modules/.pnpm/next@15.5.19_react-dom@19.2.7_react@19.2.7__react@19.2.7/node_modules/next/dist/client/dev/report-hmr-latency.js:13
[   54685ms] [LOG] [Fast Refresh] rebuilding @ webpack-internal:///(app-pages-browser)/./node_modules/.pnpm/next@15.5.19_react-dom@19.2.7_react@19.2.7__react@19.2.7/node_modules/next/dist/client/dev/hot-reloader/app/hot-reloader-app.js:196
[   55485ms] [LOG] [Fast Refresh] done in 800ms @ webpack-internal:///(app-pages-browser)/./node_modules/.pnpm/next@15.5.19_react-dom@19.2.7_react@19.2.7__react@19.2.7/node_modules/next/dist/client/dev/report-hmr-latency.js:13
[   55489ms] [LOG] [Fast Refresh] rebuilding @ webpack-internal:///(app-pages-browser)/./node_modules/.pnpm/next@15.5.19_react-dom@19.2.7_react@19.2.7__react@19.2.7/node_modules/next/dist/client/dev/hot-reloader/app/hot-reloader-app.js:196
[   56206ms] [LOG] [Fast Refresh] done in 717ms @ webpack-internal:///(app-pages-browser)/./node_modules/.pnpm/next@15.5.19_react-dom@19.2.7_react@19.2.7__react@19.2.7/node_modules/next/dist/client/dev/report-hmr-latency.js:13
[   56213ms] [LOG] [Fast Refresh] rebuilding @ webpack-internal:///(app-pages-browser)/./node_modules/.pnpm/next@15.5.19_react-dom@19.2.7_react@19.2.7__react@19.2.7/node_modules/next/dist/client/dev/hot-reloader/app/hot-reloader-app.js:196
[   56868ms] [LOG] [Fast Refresh] done in 655ms @ webpack-internal:///(app-pages-browser)/./node_modules/.pnpm/next@15.5.19_react-dom@19.2.7_react@19.2.7__react@19.2.7/node_modules/next/dist/client/dev/report-hmr-latency.js:13
[   56876ms] [LOG] [Fast Refresh] rebuilding @ webpack-internal:///(app-pages-browser)/./node_modules/.pnpm/next@15.5.19_react-dom@19.2.7_react@19.2.7__react@19.2.7/node_modules/next/dist/client/dev/hot-reloader/app/hot-reloader-app.js:196
[   57556ms] [LOG] [Fast Refresh] done in 681ms @ webpack-internal:///(app-pages-browser)/./node_modules/.pnpm/next@15.5.19_react-dom@19.2.7_react@19.2.7__react@19.2.7/node_modules/next/dist/client/dev/report-hmr-latency.js:13
[   57568ms] [LOG] [Fast Refresh] rebuilding @ webpack-internal:///(app-pages-browser)/./node_modules/.pnpm/next@15.5.19_react-dom@19.2.7_react@19.2.7__react@19.2.7/node_modules/next/dist/client/dev/hot-reloader/app/hot-reloader-app.js:196
[   58073ms] [LOG] [Fast Refresh] done in 505ms @ webpack-internal:///(app-pages-browser)/./node_modules/.pnpm/next@15.5.19_react-dom@19.2.7_react@19.2.7__react@19.2.7/node_modules/next/dist/client/dev/report-hmr-latency.js:13
[   58080ms] [LOG] [Fast Refresh] rebuilding @ webpack-internal:///(app-pages-browser)/./node_modules/.pnpm/next@15.5.19_react-dom@19.2.7_react@19.2.7__react@19.2.7/node_modules/next/dist/client/dev/hot-reloader/app/hot-reloader-app.js:196
[   58761ms] [LOG] [Fast Refresh] done in 680ms @ webpack-internal:///(app-pages-browser)/./node_modules/.pnpm/next@15.5.19_react-dom@19.2.7_react@19.2.7__react@19.2.7/node_modules/next/dist/client/dev/report-hmr-latency.js:13
[   58767ms] [LOG] [Fast Refresh] rebuilding @ webpack-internal:///(app-pages-browser)/./node_modules/.pnpm/next@15.5.19_react-dom@19.2.7_react@19.2.7__react@19.2.7/node_modules/next/dist/client/dev/hot-reloader/app/hot-reloader-app.js:196
[   59787ms] [LOG] [Fast Refresh] done in 1019ms @ webpack-internal:///(app-pages-browser)/./node_modules/.pnpm/next@15.5.19_react-dom@19.2.7_react@19.2.7__react@19.2.7/node_modules/next/dist/client/dev/report-hmr-latency.js:13
[   59791ms] [LOG] [Fast Refresh] rebuilding @ webpack-internal:///(app-pages-browser)/./node_modules/.pnpm/next@15.5.19_react-dom@19.2.7_react@19.2.7__react@19.2.7/node_modules/next/dist/client/dev/hot-reloader/app/hot-reloader-app.js:196
[   60573ms] [LOG] [Fast Refresh] done in 782ms @ webpack-internal:///(app-pages-browser)/./node_modules/.pnpm/next@15.5.19_react-dom@19.2.7_react@19.2.7__react@19.2.7/node_modules/next/dist/client/dev/report-hmr-latency.js:13
[   60579ms] [LOG] [Fast Refresh] rebuilding @ webpack-internal:///(app-pages-browser)/./node_modules/.pnpm/next@15.5.19_react-dom@19.2.7_react@19.2.7__react@19.2.7/node_modules/next/dist/client/dev/hot-reloader/app/hot-reloader-app.js:196
[   61602ms] [LOG] [Fast Refresh] done in 1023ms @ webpack-internal:///(app-pages-browser)/./node_modules/.pnpm/next@15.5.19_react-dom@19.2.7_react@19.2.7__react@19.2.7/node_modules/next/dist/client/dev/report-hmr-latency.js:13
[   61609ms] [LOG] [Fast Refresh] rebuilding @ webpack-internal:///(app-pages-browser)/./node_modules/.pnpm/next@15.5.19_react-dom@19.2.7_react@19.2.7__react@19.2.7/node_modules/next/dist/client/dev/hot-reloader/app/hot-reloader-app.js:196
[   62875ms] [LOG] [Fast Refresh] done in 1266ms @ webpack-internal:///(app-pages-browser)/./node_modules/.pnpm/next@15.5.19_react-dom@19.2.7_react@19.2.7__react@19.2.7/node_modules/next/dist/client/dev/report-hmr-latency.js:13
[   62882ms] [LOG] [Fast Refresh] rebuilding @ webpack-internal:///(app-pages-browser)/./node_modules/.pnpm/next@15.5.19_react-dom@19.2.7_react@19.2.7__react@19.2.7/node_modules/next/dist/client/dev/hot-reloader/app/hot-reloader-app.js:196
[   64103ms] [LOG] [Fast Refresh] done in 1220ms @ webpack-internal:///(app-pages-browser)/./node_modules/.pnpm/next@15.5.19_react-dom@19.2.7_react@19.2.7__react@19.2.7/node_modules/next/dist/client/dev/report-hmr-latency.js:13
[   64110ms] [LOG] [Fast Refresh] rebuilding @ webpack-internal:///(app-pages-browser)/./node_modules/.pnpm/next@15.5.19_react-dom@19.2.7_react@19.2.7__react@19.2.7/node_modules/next/dist/client/dev/hot-reloader/app/hot-reloader-app.js:196
[   65030ms] [LOG] [Fast Refresh] done in 920ms @ webpack-internal:///(app-pages-browser)/./node_modules/.pnpm/next@15.5.19_react-dom@19.2.7_react@19.2.7__react@19.2.7/node_modules/next/dist/client/dev/report-hmr-latency.js:13
[   65034ms] [LOG] [Fast Refresh] rebuilding @ webpack-internal:///(app-pages-browser)/./node_modules/.pnpm/next@15.5.19_react-dom@19.2.7_react@19.2.7__react@19.2.7/node_modules/next/dist/client/dev/hot-reloader/app/hot-reloader-app.js:196
[   66073ms] [LOG] [Fast Refresh] done in 1039ms @ webpack-internal:///(app-pages-browser)/./node_modules/.pnpm/next@15.5.19_react-dom@19.2.7_react@19.2.7__react@19.2.7/node_modules/next/dist/client/dev/report-hmr-latency.js:13
[   66080ms] [LOG] [Fast Refresh] rebuilding @ webpack-internal:///(app-pages-browser)/./node_modules/.pnpm/next@15.5.19_react-dom@19.2.7_react@19.2.7__react@19.2.7/node_modules/next/dist/client/dev/hot-reloader/app/hot-reloader-app.js:196
[   67190ms] [LOG] [Fast Refresh] done in 1109ms @ webpack-internal:///(app-pages-browser)/./node_modules/.pnpm/next@15.5.19_react-dom@19.2.7_react@19.2.7__react@19.2.7/node_modules/next/dist/client/dev/report-hmr-latency.js:13
[   67199ms] [LOG] [Fast Refresh] rebuilding @ webpack-internal:///(app-pages-browser)/./node_modules/.pnpm/next@15.5.19_react-dom@19.2.7_react@19.2.7__react@19.2.7/node_modules/next/dist/client/dev/hot-reloader/app/hot-reloader-app.js:196
[   68089ms] [LOG] [Fast Refresh] done in 890ms @ webpack-internal:///(app-pages-browser)/./node_modules/.pnpm/next@15.5.19_react-dom@19.2.7_react@19.2.7__react@19.2.7/node_modules/next/dist/client/dev/report-hmr-latency.js:13
[   68093ms] [LOG] [Fast Refresh] rebuilding @ webpack-internal:///(app-pages-browser)/./node_modules/.pnpm/next@15.5.19_react-dom@19.2.7_react@19.2.7__react@19.2.7/node_modules/next/dist/client/dev/hot-reloader/app/hot-reloader-app.js:196
[   69310ms] [LOG] [Fast Refresh] done in 1216ms @ webpack-internal:///(app-pages-browser)/./node_modules/.pnpm/next@15.5.19_react-dom@19.2.7_react@19.2.7__react@19.2.7/node_modules/next/dist/client/dev/report-hmr-latency.js:13
[   69315ms] [LOG] [Fast Refresh] rebuilding @ webpack-internal:///(app-pages-browser)/./node_modules/.pnpm/next@15.5.19_react-dom@19.2.7_react@19.2.7__react@19.2.7/node_modules/next/dist/client/dev/hot-reloader/app/hot-reloader-app.js:196
[   70848ms] [LOG] [Fast Refresh] rebuilding @ webpack-internal:///(app-pages-browser)/./node_modules/.pnpm/next@15.5.19_react-dom@19.2.7_react@19.2.7__react@19.2.7/node_modules/next/dist/client/dev/hot-reloader/app/hot-reloader-app.js:196
[   70888ms] [LOG] [Fast Refresh] done in 40ms @ webpack-internal:///(app-pages-browser)/./node_modules/.pnpm/next@15.5.19_react-dom@19.2.7_react@19.2.7__react@19.2.7/node_modules/next/dist/client/dev/report-hmr-latency.js:13
[   72789ms] [LOG] [Fast Refresh] done in 1940ms @ webpack-internal:///(app-pages-browser)/./node_modules/.pnpm/next@15.5.19_react-dom@19.2.7_react@19.2.7__react@19.2.7/node_modules/next/dist/client/dev/report-hmr-latency.js:13
[   72796ms] [LOG] [Fast Refresh] rebuilding @ webpack-internal:///(app-pages-browser)/./node_modules/.pnpm/next@15.5.19_react-dom@19.2.7_react@19.2.7__react@19.2.7/node_modules/next/dist/client/dev/hot-reloader/app/hot-reloader-app.js:196
[   73512ms] [ERROR] Failed to load resource: the server responded with a status of 500 (Internal Server Error) @ http://localhost:3001/api/auth/csrf:0
[   73524ms] [ERROR] ClientFetchError: Unexpected token '<', "<!DOCTYPE "... is not valid JSON. Read more at https://errors.authjs.dev#autherror
    at fetchData (webpack-internal:///(app-pages-browser)/./node_modules/.pnpm/next-auth@5.0.0-beta.32_nex_355ed84b7cb0d0589324ca036eee5acc/node_modules/next-auth/lib/client.js:49:22)
    at async getCsrfToken (webpack-internal:///(app-pages-browser)/./node_modules/.pnpm/next-auth@5.0.0-beta.32_nex_355ed84b7cb0d0589324ca036eee5acc/node_modules/next-auth/react.js:142:22)
    at async signIn (webpack-internal:///(app-pages-browser)/./node_modules/.pnpm/next-auth@5.0.0-beta.32_nex_355ed84b7cb0d0589324ca036eee5acc/node_modules/next-auth/react.js:175:23)
    at async handleSubmit (webpack-internal:///(app-pages-browser)/./app/admin/login/page.tsx:32:24) @ webpack-internal:///(app-pages-browser)/./node_modules/.pnpm/next@15.5.19_react-dom@19.2.7_react@19.2.7__react@19.2.7/node_modules/next/dist/next-devtools/userspace/app/errors/intercept-console-error.js:56
[   74470ms] [LOG] [Fast Refresh] done in 1675ms @ webpack-internal:///(app-pages-browser)/./node_modules/.pnpm/next@15.5.19_react-dom@19.2.7_react@19.2.7__react@19.2.7/node_modules/next/dist/client/dev/report-hmr-latency.js:13
[   74483ms] [LOG] [Fast Refresh] rebuilding @ webpack-internal:///(app-pages-browser)/./node_modules/.pnpm/next@15.5.19_react-dom@19.2.7_react@19.2.7__react@19.2.7/node_modules/next/dist/client/dev/hot-reloader/app/hot-reloader-app.js:196
[   75573ms] [LOG] [Fast Refresh] done in 1090ms @ webpack-internal:///(app-pages-browser)/./node_modules/.pnpm/next@15.5.19_react-dom@19.2.7_react@19.2.7__react@19.2.7/node_modules/next/dist/client/dev/report-hmr-latency.js:13
[   75577ms] [LOG] [Fast Refresh] rebuilding @ webpack-internal:///(app-pages-browser)/./node_modules/.pnpm/next@15.5.19_react-dom@19.2.7_react@19.2.7__react@19.2.7/node_modules/next/dist/client/dev/hot-reloader/app/hot-reloader-app.js:196
[   76429ms] [LOG] [Fast Refresh] done in 852ms @ webpack-internal:///(app-pages-browser)/./node_modules/.pnpm/next@15.5.19_react-dom@19.2.7_react@19.2.7__react@19.2.7/node_modules/next/dist/client/dev/report-hmr-latency.js:13
[   76439ms] [LOG] [Fast Refresh] rebuilding @ webpack-internal:///(app-pages-browser)/./node_modules/.pnpm/next@15.5.19_react-dom@19.2.7_react@19.2.7__react@19.2.7/node_modules/next/dist/client/dev/hot-reloader/app/hot-reloader-app.js:196
[   77564ms] [LOG] [Fast Refresh] done in 1126ms @ webpack-internal:///(app-pages-browser)/./node_modules/.pnpm/next@15.5.19_react-dom@19.2.7_react@19.2.7__react@19.2.7/node_modules/next/dist/client/dev/report-hmr-latency.js:13
[   77568ms] [LOG] [Fast Refresh] rebuilding @ webpack-internal:///(app-pages-browser)/./node_modules/.pnpm/next@15.5.19_react-dom@19.2.7_react@19.2.7__react@19.2.7/node_modules/next/dist/client/dev/hot-reloader/app/hot-reloader-app.js:196
[   78432ms] [LOG] [Fast Refresh] done in 864ms @ webpack-internal:///(app-pages-browser)/./node_modules/.pnpm/next@15.5.19_react-dom@19.2.7_react@19.2.7__react@19.2.7/node_modules/next/dist/client/dev/report-hmr-latency.js:13
[   78436ms] [LOG] [Fast Refresh] rebuilding @ webpack-internal:///(app-pages-browser)/./node_modules/.pnpm/next@15.5.19_react-dom@19.2.7_react@19.2.7__react@19.2.7/node_modules/next/dist/client/dev/hot-reloader/app/hot-reloader-app.js:196
[   79177ms] [LOG] [Fast Refresh] done in 742ms @ webpack-internal:///(app-pages-browser)/./node_modules/.pnpm/next@15.5.19_react-dom@19.2.7_react@19.2.7__react@19.2.7/node_modules/next/dist/client/dev/report-hmr-latency.js:13
[   79183ms] [LOG] [Fast Refresh] rebuilding @ webpack-internal:///(app-pages-browser)/./node_modules/.pnpm/next@15.5.19_react-dom@19.2.7_react@19.2.7__react@19.2.7/node_modules/next/dist/client/dev/hot-reloader/app/hot-reloader-app.js:196
[   79876ms] [LOG] [Fast Refresh] done in 693ms @ webpack-internal:///(app-pages-browser)/./node_modules/.pnpm/next@15.5.19_react-dom@19.2.7_react@19.2.7__react@19.2.7/node_modules/next/dist/client/dev/report-hmr-latency.js:13
[   79882ms] [LOG] [Fast Refresh] rebuilding @ webpack-internal:///(app-pages-browser)/./node_modules/.pnpm/next@15.5.19_react-dom@19.2.7_react@19.2.7__react@19.2.7/node_modules/next/dist/client/dev/hot-reloader/app/hot-reloader-app.js:196
[   80557ms] [LOG] [Fast Refresh] done in 676ms @ webpack-internal:///(app-pages-browser)/./node_modules/.pnpm/next@15.5.19_react-dom@19.2.7_react@19.2.7__react@19.2.7/node_modules/next/dist/client/dev/report-hmr-latency.js:13
[   80564ms] [LOG] [Fast Refresh] rebuilding @ webpack-internal:///(app-pages-browser)/./node_modules/.pnpm/next@15.5.19_react-dom@19.2.7_react@19.2.7__react@19.2.7/node_modules/next/dist/client/dev/hot-reloader/app/hot-reloader-app.js:196
[   81707ms] [LOG] [Fast Refresh] done in 1143ms @ webpack-internal:///(app-pages-browser)/./node_modules/.pnpm/next@15.5.19_react-dom@19.2.7_react@19.2.7__react@19.2.7/node_modules/next/dist/client/dev/report-hmr-latency.js:13
[   81745ms] [LOG] [Fast Refresh] rebuilding @ webpack-internal:///(app-pages-browser)/./node_modules/.pnpm/next@15.5.19_react-dom@19.2.7_react@19.2.7__react@19.2.7/node_modules/next/dist/client/dev/hot-reloader/app/hot-reloader-app.js:196
[   83020ms] [LOG] [Fast Refresh] done in 1274ms @ webpack-internal:///(app-pages-browser)/./node_modules/.pnpm/next@15.5.19_react-dom@19.2.7_react@19.2.7__react@19.2.7/node_modules/next/dist/client/dev/report-hmr-latency.js:13
[   83025ms] [LOG] [Fast Refresh] rebuilding @ webpack-internal:///(app-pages-browser)/./node_modules/.pnpm/next@15.5.19_react-dom@19.2.7_react@19.2.7__react@19.2.7/node_modules/next/dist/client/dev/hot-reloader/app/hot-reloader-app.js:196
[   83935ms] [LOG] [Fast Refresh] done in 910ms @ webpack-internal:///(app-pages-browser)/./node_modules/.pnpm/next@15.5.19_react-dom@19.2.7_react@19.2.7__react@19.2.7/node_modules/next/dist/client/dev/report-hmr-latency.js:13
[   83947ms] [LOG] [Fast Refresh] rebuilding @ webpack-internal:///(app-pages-browser)/./node_modules/.pnpm/next@15.5.19_react-dom@19.2.7_react@19.2.7__react@19.2.7/node_modules/next/dist/client/dev/hot-reloader/app/hot-reloader-app.js:196
[   84743ms] [LOG] [Fast Refresh] done in 796ms @ webpack-internal:///(app-pages-browser)/./node_modules/.pnpm/next@15.5.19_react-dom@19.2.7_react@19.2.7__react@19.2.7/node_modules/next/dist/client/dev/report-hmr-latency.js:13
[   84753ms] [LOG] [Fast Refresh] rebuilding @ webpack-internal:///(app-pages-browser)/./node_modules/.pnpm/next@15.5.19_react-dom@19.2.7_react@19.2.7__react@19.2.7/node_modules/next/dist/client/dev/hot-reloader/app/hot-reloader-app.js:196
[   85545ms] [LOG] [Fast Refresh] done in 793ms @ webpack-internal:///(app-pages-browser)/./node_modules/.pnpm/next@15.5.19_react-dom@19.2.7_react@19.2.7__react@19.2.7/node_modules/next/dist/client/dev/report-hmr-latency.js:13
[   85550ms] [LOG] [Fast Refresh] rebuilding @ webpack-internal:///(app-pages-browser)/./node_modules/.pnpm/next@15.5.19_react-dom@19.2.7_react@19.2.7__react@19.2.7/node_modules/next/dist/client/dev/hot-reloader/app/hot-reloader-app.js:196
[   86249ms] [LOG] [Fast Refresh] done in 698ms @ webpack-internal:///(app-pages-browser)/./node_modules/.pnpm/next@15.5.19_react-dom@19.2.7_react@19.2.7__react@19.2.7/node_modules/next/dist/client/dev/report-hmr-latency.js:13
[   86257ms] [LOG] [Fast Refresh] rebuilding @ webpack-internal:///(app-pages-browser)/./node_modules/.pnpm/next@15.5.19_react-dom@19.2.7_react@19.2.7__react@19.2.7/node_modules/next/dist/client/dev/hot-reloader/app/hot-reloader-app.js:196
[   86957ms] [LOG] [Fast Refresh] done in 701ms @ webpack-internal:///(app-pages-browser)/./node_modules/.pnpm/next@15.5.19_react-dom@19.2.7_react@19.2.7__react@19.2.7/node_modules/next/dist/client/dev/report-hmr-latency.js:13
[   86964ms] [LOG] [Fast Refresh] rebuilding @ webpack-internal:///(app-pages-browser)/./node_modules/.pnpm/next@15.5.19_react-dom@19.2.7_react@19.2.7__react@19.2.7/node_modules/next/dist/client/dev/hot-reloader/app/hot-reloader-app.js:196
[   87818ms] [LOG] [Fast Refresh] done in 855ms @ webpack-internal:///(app-pages-browser)/./node_modules/.pnpm/next@15.5.19_react-dom@19.2.7_react@19.2.7__react@19.2.7/node_modules/next/dist/client/dev/report-hmr-latency.js:13
[   87822ms] [LOG] [Fast Refresh] rebuilding @ webpack-internal:///(app-pages-browser)/./node_modules/.pnpm/next@15.5.19_react-dom@19.2.7_react@19.2.7__react@19.2.7/node_modules/next/dist/client/dev/hot-reloader/app/hot-reloader-app.js:196
[   88591ms] [LOG] [Fast Refresh] done in 768ms @ webpack-internal:///(app-pages-browser)/./node_modules/.pnpm/next@15.5.19_react-dom@19.2.7_react@19.2.7__react@19.2.7/node_modules/next/dist/client/dev/report-hmr-latency.js:13
[   88595ms] [LOG] [Fast Refresh] rebuilding @ webpack-internal:///(app-pages-browser)/./node_modules/.pnpm/next@15.5.19_react-dom@19.2.7_react@19.2.7__react@19.2.7/node_modules/next/dist/client/dev/hot-reloader/app/hot-reloader-app.js:196
[   89281ms] [LOG] [Fast Refresh] done in 685ms @ webpack-internal:///(app-pages-browser)/./node_modules/.pnpm/next@15.5.19_react-dom@19.2.7_react@19.2.7__react@19.2.7/node_modules/next/dist/client/dev/report-hmr-latency.js:13
[   89290ms] [LOG] [Fast Refresh] rebuilding @ webpack-internal:///(app-pages-browser)/./node_modules/.pnpm/next@15.5.19_react-dom@19.2.7_react@19.2.7__react@19.2.7/node_modules/next/dist/client/dev/hot-reloader/app/hot-reloader-app.js:196
[   90376ms] [LOG] [Fast Refresh] done in 1087ms @ webpack-internal:///(app-pages-browser)/./node_modules/.pnpm/next@15.5.19_react-dom@19.2.7_react@19.2.7__react@19.2.7/node_modules/next/dist/client/dev/report-hmr-latency.js:13
[   90384ms] [LOG] [Fast Refresh] rebuilding @ webpack-internal:///(app-pages-browser)/./node_modules/.pnpm/next@15.5.19_react-dom@19.2.7_react@19.2.7__react@19.2.7/node_modules/next/dist/client/dev/hot-reloader/app/hot-reloader-app.js:196
[   91321ms] [LOG] [Fast Refresh] done in 937ms @ webpack-internal:///(app-pages-browser)/./node_modules/.pnpm/next@15.5.19_react-dom@19.2.7_react@19.2.7__react@19.2.7/node_modules/next/dist/client/dev/report-hmr-latency.js:13
[   91333ms] [LOG] [Fast Refresh] rebuilding @ webpack-internal:///(app-pages-browser)/./node_modules/.pnpm/next@15.5.19_react-dom@19.2.7_react@19.2.7__react@19.2.7/node_modules/next/dist/client/dev/hot-reloader/app/hot-reloader-app.js:196
[   92014ms] [LOG] [Fast Refresh] done in 681ms @ webpack-internal:///(app-pages-browser)/./node_modules/.pnpm/next@15.5.19_react-dom@19.2.7_react@19.2.7__react@19.2.7/node_modules/next/dist/client/dev/report-hmr-latency.js:13
[   92020ms] [LOG] [Fast Refresh] rebuilding @ webpack-internal:///(app-pages-browser)/./node_modules/.pnpm/next@15.5.19_react-dom@19.2.7_react@19.2.7__react@19.2.7/node_modules/next/dist/client/dev/hot-reloader/app/hot-reloader-app.js:196
[   92770ms] [LOG] [Fast Refresh] done in 749ms @ webpack-internal:///(app-pages-browser)/./node_modules/.pnpm/next@15.5.19_react-dom@19.2.7_react@19.2.7__react@19.2.7/node_modules/next/dist/client/dev/report-hmr-latency.js:13
[   92774ms] [LOG] [Fast Refresh] rebuilding @ webpack-internal:///(app-pages-browser)/./node_modules/.pnpm/next@15.5.19_react-dom@19.2.7_react@19.2.7__react@19.2.7/node_modules/next/dist/client/dev/hot-reloader/app/hot-reloader-app.js:196
[   93675ms] [LOG] [Fast Refresh] done in 901ms @ webpack-internal:///(app-pages-browser)/./node_modules/.pnpm/next@15.5.19_react-dom@19.2.7_react@19.2.7__react@19.2.7/node_modules/next/dist/client/dev/report-hmr-latency.js:13
[   93682ms] [LOG] [Fast Refresh] rebuilding @ webpack-internal:///(app-pages-browser)/./node_modules/.pnpm/next@15.5.19_react-dom@19.2.7_react@19.2.7__react@19.2.7/node_modules/next/dist/client/dev/hot-reloader/app/hot-reloader-app.js:196
[   94614ms] [LOG] [Fast Refresh] done in 933ms @ webpack-internal:///(app-pages-browser)/./node_modules/.pnpm/next@15.5.19_react-dom@19.2.7_react@19.2.7__react@19.2.7/node_modules/next/dist/client/dev/report-hmr-latency.js:13
[   94623ms] [LOG] [Fast Refresh] rebuilding @ webpack-internal:///(app-pages-browser)/./node_modules/.pnpm/next@15.5.19_react-dom@19.2.7_react@19.2.7__react@19.2.7/node_modules/next/dist/client/dev/hot-reloader/app/hot-reloader-app.js:196
[   95434ms] [LOG] [Fast Refresh] done in 811ms @ webpack-internal:///(app-pages-browser)/./node_modules/.pnpm/next@15.5.19_react-dom@19.2.7_react@19.2.7__react@19.2.7/node_modules/next/dist/client/dev/report-hmr-latency.js:13
[   95439ms] [LOG] [Fast Refresh] rebuilding @ webpack-internal:///(app-pages-browser)/./node_modules/.pnpm/next@15.5.19_react-dom@19.2.7_react@19.2.7__react@19.2.7/node_modules/next/dist/client/dev/hot-reloader/app/hot-reloader-app.js:196
[   96168ms] [LOG] [Fast Refresh] done in 729ms @ webpack-internal:///(app-pages-browser)/./node_modules/.pnpm/next@15.5.19_react-dom@19.2.7_react@19.2.7__react@19.2.7/node_modules/next/dist/client/dev/report-hmr-latency.js:13
[   96174ms] [LOG] [Fast Refresh] rebuilding @ webpack-internal:///(app-pages-browser)/./node_modules/.pnpm/next@15.5.19_react-dom@19.2.7_react@19.2.7__react@19.2.7/node_modules/next/dist/client/dev/hot-reloader/app/hot-reloader-app.js:196
[   97325ms] [LOG] [Fast Refresh] done in 1152ms @ webpack-internal:///(app-pages-browser)/./node_modules/.pnpm/next@15.5.19_react-dom@19.2.7_react@19.2.7__react@19.2.7/node_modules/next/dist/client/dev/report-hmr-latency.js:13
[   97332ms] [LOG] [Fast Refresh] rebuilding @ webpack-internal:///(app-pages-browser)/./node_modules/.pnpm/next@15.5.19_react-dom@19.2.7_react@19.2.7__react@19.2.7/node_modules/next/dist/client/dev/hot-reloader/app/hot-reloader-app.js:196
[   98125ms] [LOG] [Fast Refresh] done in 794ms @ webpack-internal:///(app-pages-browser)/./node_modules/.pnpm/next@15.5.19_react-dom@19.2.7_react@19.2.7__react@19.2.7/node_modules/next/dist/client/dev/report-hmr-latency.js:13
[   98129ms] [LOG] [Fast Refresh] rebuilding @ webpack-internal:///(app-pages-browser)/./node_modules/.pnpm/next@15.5.19_react-dom@19.2.7_react@19.2.7__react@19.2.7/node_modules/next/dist/client/dev/hot-reloader/app/hot-reloader-app.js:196
[   99235ms] [LOG] [Fast Refresh] done in 1106ms @ webpack-internal:///(app-pages-browser)/./node_modules/.pnpm/next@15.5.19_react-dom@19.2.7_react@19.2.7__react@19.2.7/node_modules/next/dist/client/dev/report-hmr-latency.js:13
[   99246ms] [LOG] [Fast Refresh] rebuilding @ webpack-internal:///(app-pages-browser)/./node_modules/.pnpm/next@15.5.19_react-dom@19.2.7_react@19.2.7__react@19.2.7/node_modules/next/dist/client/dev/hot-reloader/app/hot-reloader-app.js:196
[  100018ms] [LOG] [Fast Refresh] done in 773ms @ webpack-internal:///(app-pages-browser)/./node_modules/.pnpm/next@15.5.19_react-dom@19.2.7_react@19.2.7__react@19.2.7/node_modules/next/dist/client/dev/report-hmr-latency.js:13
[  100024ms] [LOG] [Fast Refresh] rebuilding @ webpack-internal:///(app-pages-browser)/./node_modules/.pnpm/next@15.5.19_react-dom@19.2.7_react@19.2.7__react@19.2.7/node_modules/next/dist/client/dev/hot-reloader/app/hot-reloader-app.js:196
[  100694ms] [LOG] [Fast Refresh] done in 669ms @ webpack-internal:///(app-pages-browser)/./node_modules/.pnpm/next@15.5.19_react-dom@19.2.7_react@19.2.7__react@19.2.7/node_modules/next/dist/client/dev/report-hmr-latency.js:13
[  100700ms] [LOG] [Fast Refresh] rebuilding @ webpack-internal:///(app-pages-browser)/./node_modules/.pnpm/next@15.5.19_react-dom@19.2.7_react@19.2.7__react@19.2.7/node_modules/next/dist/client/dev/hot-reloader/app/hot-reloader-app.js:196
[  101526ms] [LOG] [Fast Refresh] done in 826ms @ webpack-internal:///(app-pages-browser)/./node_modules/.pnpm/next@15.5.19_react-dom@19.2.7_react@19.2.7__react@19.2.7/node_modules/next/dist/client/dev/report-hmr-latency.js:13
[  101531ms] [LOG] [Fast Refresh] rebuilding @ webpack-internal:///(app-pages-browser)/./node_modules/.pnpm/next@15.5.19_react-dom@19.2.7_react@19.2.7__react@19.2.7/node_modules/next/dist/client/dev/hot-reloader/app/hot-reloader-app.js:196
[  102304ms] [LOG] [Fast Refresh] done in 774ms @ webpack-internal:///(app-pages-browser)/./node_modules/.pnpm/next@15.5.19_react-dom@19.2.7_react@19.2.7__react@19.2.7/node_modules/next/dist/client/dev/report-hmr-latency.js:13
[  102310ms] [LOG] [Fast Refresh] rebuilding @ webpack-internal:///(app-pages-browser)/./node_modules/.pnpm/next@15.5.19_react-dom@19.2.7_react@19.2.7__react@19.2.7/node_modules/next/dist/client/dev/hot-reloader/app/hot-reloader-app.js:196
[  103105ms] [LOG] [Fast Refresh] done in 795ms @ webpack-internal:///(app-pages-browser)/./node_modules/.pnpm/next@15.5.19_react-dom@19.2.7_react@19.2.7__react@19.2.7/node_modules/next/dist/client/dev/report-hmr-latency.js:13
[  103110ms] [LOG] [Fast Refresh] rebuilding @ webpack-internal:///(app-pages-browser)/./node_modules/.pnpm/next@15.5.19_react-dom@19.2.7_react@19.2.7__react@19.2.7/node_modules/next/dist/client/dev/hot-reloader/app/hot-reloader-app.js:196
[  104068ms] [LOG] [Fast Refresh] done in 959ms @ webpack-internal:///(app-pages-browser)/./node_modules/.pnpm/next@15.5.19_react-dom@19.2.7_react@19.2.7__react@19.2.7/node_modules/next/dist/client/dev/report-hmr-latency.js:13
[  104073ms] [LOG] [Fast Refresh] rebuilding @ webpack-internal:///(app-pages-browser)/./node_modules/.pnpm/next@15.5.19_react-dom@19.2.7_react@19.2.7__react@19.2.7/node_modules/next/dist/client/dev/hot-reloader/app/hot-reloader-app.js:196
[  104843ms] [LOG] [Fast Refresh] done in 769ms @ webpack-internal:///(app-pages-browser)/./node_modules/.pnpm/next@15.5.19_react-dom@19.2.7_react@19.2.7__react@19.2.7/node_modules/next/dist/client/dev/report-hmr-latency.js:13
[  104846ms] [LOG] [Fast Refresh] rebuilding @ webpack-internal:///(app-pages-browser)/./node_modules/.pnpm/next@15.5.19_react-dom@19.2.7_react@19.2.7__react@19.2.7/node_modules/next/dist/client/dev/hot-reloader/app/hot-reloader-app.js:196
[  105740ms] [LOG] [Fast Refresh] done in 893ms @ webpack-internal:///(app-pages-browser)/./node_modules/.pnpm/next@15.5.19_react-dom@19.2.7_react@19.2.7__react@19.2.7/node_modules/next/dist/client/dev/report-hmr-latency.js:13
[  105750ms] [LOG] [Fast Refresh] rebuilding @ webpack-internal:///(app-pages-browser)/./node_modules/.pnpm/next@15.5.19_react-dom@19.2.7_react@19.2.7__react@19.2.7/node_modules/next/dist/client/dev/hot-reloader/app/hot-reloader-app.js:196
[  106774ms] [LOG] [Fast Refresh] done in 1024ms @ webpack-internal:///(app-pages-browser)/./node_modules/.pnpm/next@15.5.19_react-dom@19.2.7_react@19.2.7__react@19.2.7/node_modules/next/dist/client/dev/report-hmr-latency.js:13
[  106780ms] [LOG] [Fast Refresh] rebuilding @ webpack-internal:///(app-pages-browser)/./node_modules/.pnpm/next@15.5.19_react-dom@19.2.7_react@19.2.7__react@19.2.7/node_modules/next/dist/client/dev/hot-reloader/app/hot-reloader-app.js:196
[  107687ms] [LOG] [Fast Refresh] done in 907ms @ webpack-internal:///(app-pages-browser)/./node_modules/.pnpm/next@15.5.19_react-dom@19.2.7_react@19.2.7__react@19.2.7/node_modules/next/dist/client/dev/report-hmr-latency.js:13
[  107696ms] [LOG] [Fast Refresh] rebuilding @ webpack-internal:///(app-pages-browser)/./node_modules/.pnpm/next@15.5.19_react-dom@19.2.7_react@19.2.7__react@19.2.7/node_modules/next/dist/client/dev/hot-reloader/app/hot-reloader-app.js:196
[  108662ms] [LOG] [Fast Refresh] done in 966ms @ webpack-internal:///(app-pages-browser)/./node_modules/.pnpm/next@15.5.19_react-dom@19.2.7_react@19.2.7__react@19.2.7/node_modules/next/dist/client/dev/report-hmr-latency.js:13
[  108668ms] [LOG] [Fast Refresh] rebuilding @ webpack-internal:///(app-pages-browser)/./node_modules/.pnpm/next@15.5.19_react-dom@19.2.7_react@19.2.7__react@19.2.7/node_modules/next/dist/client/dev/hot-reloader/app/hot-reloader-app.js:196
[  109483ms] [LOG] [Fast Refresh] rebuilding @ webpack-internal:///(app-pages-browser)/./node_modules/.pnpm/next@15.5.19_react-dom@19.2.7_react@19.2.7__react@19.2.7/node_modules/next/dist/client/dev/hot-reloader/app/hot-reloader-app.js:196
[  109594ms] [LOG] [Fast Refresh] done in 111ms @ webpack-internal:///(app-pages-browser)/./node_modules/.pnpm/next@15.5.19_react-dom@19.2.7_react@19.2.7__react@19.2.7/node_modules/next/dist/client/dev/report-hmr-latency.js:13
[  110230ms] [LOG] [Fast Refresh] done in 748ms @ webpack-internal:///(app-pages-browser)/./node_modules/.pnpm/next@15.5.19_react-dom@19.2.7_react@19.2.7__react@19.2.7/node_modules/next/dist/client/dev/report-hmr-latency.js:13
[  110237ms] [LOG] [Fast Refresh] rebuilding @ webpack-internal:///(app-pages-browser)/./node_modules/.pnpm/next@15.5.19_react-dom@19.2.7_react@19.2.7__react@19.2.7/node_modules/next/dist/client/dev/hot-reloader/app/hot-reloader-app.js:196
[  110962ms] [LOG] [Fast Refresh] done in 724ms @ webpack-internal:///(app-pages-browser)/./node_modules/.pnpm/next@15.5.19_react-dom@19.2.7_react@19.2.7__react@19.2.7/node_modules/next/dist/client/dev/report-hmr-latency.js:13
[  110966ms] [LOG] [Fast Refresh] rebuilding @ webpack-internal:///(app-pages-browser)/./node_modules/.pnpm/next@15.5.19_react-dom@19.2.7_react@19.2.7__react@19.2.7/node_modules/next/dist/client/dev/hot-reloader/app/hot-reloader-app.js:196
[  111692ms] [LOG] [Fast Refresh] done in 725ms @ webpack-internal:///(app-pages-browser)/./node_modules/.pnpm/next@15.5.19_react-dom@19.2.7_react@19.2.7__react@19.2.7/node_modules/next/dist/client/dev/report-hmr-latency.js:13
[  111699ms] [LOG] [Fast Refresh] rebuilding @ webpack-internal:///(app-pages-browser)/./node_modules/.pnpm/next@15.5.19_react-dom@19.2.7_react@19.2.7__react@19.2.7/node_modules/next/dist/client/dev/hot-reloader/app/hot-reloader-app.js:196
[  112698ms] [LOG] [Fast Refresh] done in 998ms @ webpack-internal:///(app-pages-browser)/./node_modules/.pnpm/next@15.5.19_react-dom@19.2.7_react@19.2.7__react@19.2.7/node_modules/next/dist/client/dev/report-hmr-latency.js:13
[  112705ms] [LOG] [Fast Refresh] rebuilding @ webpack-internal:///(app-pages-browser)/./node_modules/.pnpm/next@15.5.19_react-dom@19.2.7_react@19.2.7__react@19.2.7/node_modules/next/dist/client/dev/hot-reloader/app/hot-reloader-app.js:196
[  113800ms] [LOG] [Fast Refresh] done in 1095ms @ webpack-internal:///(app-pages-browser)/./node_modules/.pnpm/next@15.5.19_react-dom@19.2.7_react@19.2.7__react@19.2.7/node_modules/next/dist/client/dev/report-hmr-latency.js:13
[  113814ms] [LOG] [Fast Refresh] rebuilding @ webpack-internal:///(app-pages-browser)/./node_modules/.pnpm/next@15.5.19_react-dom@19.2.7_react@19.2.7__react@19.2.7/node_modules/next/dist/client/dev/hot-reloader/app/hot-reloader-app.js:196
[  114638ms] [LOG] [Fast Refresh] done in 825ms @ webpack-internal:///(app-pages-browser)/./node_modules/.pnpm/next@15.5.19_react-dom@19.2.7_react@19.2.7__react@19.2.7/node_modules/next/dist/client/dev/report-hmr-latency.js:13
[  114645ms] [LOG] [Fast Refresh] rebuilding @ webpack-internal:///(app-pages-browser)/./node_modules/.pnpm/next@15.5.19_react-dom@19.2.7_react@19.2.7__react@19.2.7/node_modules/next/dist/client/dev/hot-reloader/app/hot-reloader-app.js:196
[  115283ms] [LOG] [Fast Refresh] done in 638ms @ webpack-internal:///(app-pages-browser)/./node_modules/.pnpm/next@15.5.19_react-dom@19.2.7_react@19.2.7__react@19.2.7/node_modules/next/dist/client/dev/report-hmr-latency.js:13
[  115288ms] [LOG] [Fast Refresh] rebuilding @ webpack-internal:///(app-pages-browser)/./node_modules/.pnpm/next@15.5.19_react-dom@19.2.7_react@19.2.7__react@19.2.7/node_modules/next/dist/client/dev/hot-reloader/app/hot-reloader-app.js:196
[  116376ms] [LOG] [Fast Refresh] done in 1088ms @ webpack-internal:///(app-pages-browser)/./node_modules/.pnpm/next@15.5.19_react-dom@19.2.7_react@19.2.7__react@19.2.7/node_modules/next/dist/client/dev/report-hmr-latency.js:13
[  116379ms] [LOG] [Fast Refresh] rebuilding @ webpack-internal:///(app-pages-browser)/./node_modules/.pnpm/next@15.5.19_react-dom@19.2.7_react@19.2.7__react@19.2.7/node_modules/next/dist/client/dev/hot-reloader/app/hot-reloader-app.js:196
[  117185ms] [LOG] [Fast Refresh] done in 806ms @ webpack-internal:///(app-pages-browser)/./node_modules/.pnpm/next@15.5.19_react-dom@19.2.7_react@19.2.7__react@19.2.7/node_modules/next/dist/client/dev/report-hmr-latency.js:13
[  117190ms] [LOG] [Fast Refresh] rebuilding @ webpack-internal:///(app-pages-browser)/./node_modules/.pnpm/next@15.5.19_react-dom@19.2.7_react@19.2.7__react@19.2.7/node_modules/next/dist/client/dev/hot-reloader/app/hot-reloader-app.js:196
[  117934ms] [LOG] [Fast Refresh] done in 743ms @ webpack-internal:///(app-pages-browser)/./node_modules/.pnpm/next@15.5.19_react-dom@19.2.7_react@19.2.7__react@19.2.7/node_modules/next/dist/client/dev/report-hmr-latency.js:13
[  117940ms] [LOG] [Fast Refresh] rebuilding @ webpack-internal:///(app-pages-browser)/./node_modules/.pnpm/next@15.5.19_react-dom@19.2.7_react@19.2.7__react@19.2.7/node_modules/next/dist/client/dev/hot-reloader/app/hot-reloader-app.js:196
[  118734ms] [LOG] [Fast Refresh] done in 795ms @ webpack-internal:///(app-pages-browser)/./node_modules/.pnpm/next@15.5.19_react-dom@19.2.7_react@19.2.7__react@19.2.7/node_modules/next/dist/client/dev/report-hmr-latency.js:13
[  118740ms] [LOG] [Fast Refresh] rebuilding @ webpack-internal:///(app-pages-browser)/./node_modules/.pnpm/next@15.5.19_react-dom@19.2.7_react@19.2.7__react@19.2.7/node_modules/next/dist/client/dev/hot-reloader/app/hot-reloader-app.js:196
[  119488ms] [LOG] [Fast Refresh] done in 748ms @ webpack-internal:///(app-pages-browser)/./node_modules/.pnpm/next@15.5.19_react-dom@19.2.7_react@19.2.7__react@19.2.7/node_modules/next/dist/client/dev/report-hmr-latency.js:13
[  119493ms] [LOG] [Fast Refresh] rebuilding @ webpack-internal:///(app-pages-browser)/./node_modules/.pnpm/next@15.5.19_react-dom@19.2.7_react@19.2.7__react@19.2.7/node_modules/next/dist/client/dev/hot-reloader/app/hot-reloader-app.js:196
[  120254ms] [LOG] [Fast Refresh] done in 761ms @ webpack-internal:///(app-pages-browser)/./node_modules/.pnpm/next@15.5.19_react-dom@19.2.7_react@19.2.7__react@19.2.7/node_modules/next/dist/client/dev/report-hmr-latency.js:13
[  120261ms] [LOG] [Fast Refresh] rebuilding @ webpack-internal:///(app-pages-browser)/./node_modules/.pnpm/next@15.5.19_react-dom@19.2.7_react@19.2.7__react@19.2.7/node_modules/next/dist/client/dev/hot-reloader/app/hot-reloader-app.js:196
[  120909ms] [LOG] [Fast Refresh] done in 649ms @ webpack-internal:///(app-pages-browser)/./node_modules/.pnpm/next@15.5.19_react-dom@19.2.7_react@19.2.7__react@19.2.7/node_modules/next/dist/client/dev/report-hmr-latency.js:13
[  120914ms] [LOG] [Fast Refresh] rebuilding @ webpack-internal:///(app-pages-browser)/./node_modules/.pnpm/next@15.5.19_react-dom@19.2.7_react@19.2.7__react@19.2.7/node_modules/next/dist/client/dev/hot-reloader/app/hot-reloader-app.js:196
[  121678ms] [LOG] [Fast Refresh] done in 764ms @ webpack-internal:///(app-pages-browser)/./node_modules/.pnpm/next@15.5.19_react-dom@19.2.7_react@19.2.7__react@19.2.7/node_modules/next/dist/client/dev/report-hmr-latency.js:13
[  121685ms] [LOG] [Fast Refresh] rebuilding @ webpack-internal:///(app-pages-browser)/./node_modules/.pnpm/next@15.5.19_react-dom@19.2.7_react@19.2.7__react@19.2.7/node_modules/next/dist/client/dev/hot-reloader/app/hot-reloader-app.js:196
[  122927ms] [LOG] [Fast Refresh] done in 1243ms @ webpack-internal:///(app-pages-browser)/./node_modules/.pnpm/next@15.5.19_react-dom@19.2.7_react@19.2.7__react@19.2.7/node_modules/next/dist/client/dev/report-hmr-latency.js:13
[  122932ms] [LOG] [Fast Refresh] rebuilding @ webpack-internal:///(app-pages-browser)/./node_modules/.pnpm/next@15.5.19_react-dom@19.2.7_react@19.2.7__react@19.2.7/node_modules/next/dist/client/dev/hot-reloader/app/hot-reloader-app.js:196
[  123947ms] [LOG] [Fast Refresh] done in 1014ms @ webpack-internal:///(app-pages-browser)/./node_modules/.pnpm/next@15.5.19_react-dom@19.2.7_react@19.2.7__react@19.2.7/node_modules/next/dist/client/dev/report-hmr-latency.js:13
[  123960ms] [LOG] [Fast Refresh] rebuilding @ webpack-internal:///(app-pages-browser)/./node_modules/.pnpm/next@15.5.19_react-dom@19.2.7_react@19.2.7__react@19.2.7/node_modules/next/dist/client/dev/hot-reloader/app/hot-reloader-app.js:196
[  125167ms] [LOG] [Fast Refresh] done in 1208ms @ webpack-internal:///(app-pages-browser)/./node_modules/.pnpm/next@15.5.19_react-dom@19.2.7_react@19.2.7__react@19.2.7/node_modules/next/dist/client/dev/report-hmr-latency.js:13
[  125176ms] [LOG] [Fast Refresh] rebuilding @ webpack-internal:///(app-pages-browser)/./node_modules/.pnpm/next@15.5.19_react-dom@19.2.7_react@19.2.7__react@19.2.7/node_modules/next/dist/client/dev/hot-reloader/app/hot-reloader-app.js:196
[  126165ms] [LOG] [Fast Refresh] done in 990ms @ webpack-internal:///(app-pages-browser)/./node_modules/.pnpm/next@15.5.19_react-dom@19.2.7_react@19.2.7__react@19.2.7/node_modules/next/dist/client/dev/report-hmr-latency.js:13
[  126173ms] [LOG] [Fast Refresh] rebuilding @ webpack-internal:///(app-pages-browser)/./node_modules/.pnpm/next@15.5.19_react-dom@19.2.7_react@19.2.7__react@19.2.7/node_modules/next/dist/client/dev/hot-reloader/app/hot-reloader-app.js:196
[  127629ms] [LOG] [Fast Refresh] done in 1455ms @ webpack-internal:///(app-pages-browser)/./node_modules/.pnpm/next@15.5.19_react-dom@19.2.7_react@19.2.7__react@19.2.7/node_modules/next/dist/client/dev/report-hmr-latency.js:13
[  127637ms] [LOG] [Fast Refresh] rebuilding @ webpack-internal:///(app-pages-browser)/./node_modules/.pnpm/next@15.5.19_react-dom@19.2.7_react@19.2.7__react@19.2.7/node_modules/next/dist/client/dev/hot-reloader/app/hot-reloader-app.js:196
[  128478ms] [LOG] [Fast Refresh] done in 842ms @ webpack-internal:///(app-pages-browser)/./node_modules/.pnpm/next@15.5.19_react-dom@19.2.7_react@19.2.7__react@19.2.7/node_modules/next/dist/client/dev/report-hmr-latency.js:13
[  128483ms] [LOG] [Fast Refresh] rebuilding @ webpack-internal:///(app-pages-browser)/./node_modules/.pnpm/next@15.5.19_react-dom@19.2.7_react@19.2.7__react@19.2.7/node_modules/next/dist/client/dev/hot-reloader/app/hot-reloader-app.js:196
[  129232ms] [LOG] [Fast Refresh] done in 749ms @ webpack-internal:///(app-pages-browser)/./node_modules/.pnpm/next@15.5.19_react-dom@19.2.7_react@19.2.7__react@19.2.7/node_modules/next/dist/client/dev/report-hmr-latency.js:13
[  129238ms] [LOG] [Fast Refresh] rebuilding @ webpack-internal:///(app-pages-browser)/./node_modules/.pnpm/next@15.5.19_react-dom@19.2.7_react@19.2.7__react@19.2.7/node_modules/next/dist/client/dev/hot-reloader/app/hot-reloader-app.js:196
[  129950ms] [LOG] [Fast Refresh] done in 711ms @ webpack-internal:///(app-pages-browser)/./node_modules/.pnpm/next@15.5.19_react-dom@19.2.7_react@19.2.7__react@19.2.7/node_modules/next/dist/client/dev/report-hmr-latency.js:13
[  129956ms] [LOG] [Fast Refresh] rebuilding @ webpack-internal:///(app-pages-browser)/./node_modules/.pnpm/next@15.5.19_react-dom@19.2.7_react@19.2.7__react@19.2.7/node_modules/next/dist/client/dev/hot-reloader/app/hot-reloader-app.js:196
[  130631ms] [LOG] [Fast Refresh] done in 674ms @ webpack-internal:///(app-pages-browser)/./node_modules/.pnpm/next@15.5.19_react-dom@19.2.7_react@19.2.7__react@19.2.7/node_modules/next/dist/client/dev/report-hmr-latency.js:13
[  130639ms] [LOG] [Fast Refresh] rebuilding @ webpack-internal:///(app-pages-browser)/./node_modules/.pnpm/next@15.5.19_react-dom@19.2.7_react@19.2.7__react@19.2.7/node_modules/next/dist/client/dev/hot-reloader/app/hot-reloader-app.js:196
[  131277ms] [LOG] [Fast Refresh] done in 637ms @ webpack-internal:///(app-pages-browser)/./node_modules/.pnpm/next@15.5.19_react-dom@19.2.7_react@19.2.7__react@19.2.7/node_modules/next/dist/client/dev/report-hmr-latency.js:13
[  131287ms] [LOG] [Fast Refresh] rebuilding @ webpack-internal:///(app-pages-browser)/./node_modules/.pnpm/next@15.5.19_react-dom@19.2.7_react@19.2.7__react@19.2.7/node_modules/next/dist/client/dev/hot-reloader/app/hot-reloader-app.js:196
[  133143ms] [LOG] [Fast Refresh] done in 1856ms @ webpack-internal:///(app-pages-browser)/./node_modules/.pnpm/next@15.5.19_react-dom@19.2.7_react@19.2.7__react@19.2.7/node_modules/next/dist/client/dev/report-hmr-latency.js:13
[  133179ms] [LOG] [Fast Refresh] rebuilding @ webpack-internal:///(app-pages-browser)/./node_modules/.pnpm/next@15.5.19_react-dom@19.2.7_react@19.2.7__react@19.2.7/node_modules/next/dist/client/dev/hot-reloader/app/hot-reloader-app.js:196
[  135865ms] [LOG] [Fast Refresh] done in 2686ms @ webpack-internal:///(app-pages-browser)/./node_modules/.pnpm/next@15.5.19_react-dom@19.2.7_react@19.2.7__react@19.2.7/node_modules/next/dist/client/dev/report-hmr-latency.js:13
[  135882ms] [LOG] [Fast Refresh] rebuilding @ webpack-internal:///(app-pages-browser)/./node_modules/.pnpm/next@15.5.19_react-dom@19.2.7_react@19.2.7__react@19.2.7/node_modules/next/dist/client/dev/hot-reloader/app/hot-reloader-app.js:196
[  136755ms] [LOG] [Fast Refresh] done in 872ms @ webpack-internal:///(app-pages-browser)/./node_modules/.pnpm/next@15.5.19_react-dom@19.2.7_react@19.2.7__react@19.2.7/node_modules/next/dist/client/dev/report-hmr-latency.js:13
[  136760ms] [LOG] [Fast Refresh] rebuilding @ webpack-internal:///(app-pages-browser)/./node_modules/.pnpm/next@15.5.19_react-dom@19.2.7_react@19.2.7__react@19.2.7/node_modules/next/dist/client/dev/hot-reloader/app/hot-reloader-app.js:196
[  137495ms] [LOG] [Fast Refresh] done in 734ms @ webpack-internal:///(app-pages-browser)/./node_modules/.pnpm/next@15.5.19_react-dom@19.2.7_react@19.2.7__react@19.2.7/node_modules/next/dist/client/dev/report-hmr-latency.js:13
[  137499ms] [LOG] [Fast Refresh] rebuilding @ webpack-internal:///(app-pages-browser)/./node_modules/.pnpm/next@15.5.19_react-dom@19.2.7_react@19.2.7__react@19.2.7/node_modules/next/dist/client/dev/hot-reloader/app/hot-reloader-app.js:196
[  138263ms] [LOG] [Fast Refresh] done in 764ms @ webpack-internal:///(app-pages-browser)/./node_modules/.pnpm/next@15.5.19_react-dom@19.2.7_react@19.2.7__react@19.2.7/node_modules/next/dist/client/dev/report-hmr-latency.js:13
[  138279ms] [LOG] [Fast Refresh] rebuilding @ webpack-internal:///(app-pages-browser)/./node_modules/.pnpm/next@15.5.19_react-dom@19.2.7_react@19.2.7__react@19.2.7/node_modules/next/dist/client/dev/hot-reloader/app/hot-reloader-app.js:196
[  139262ms] [LOG] [Fast Refresh] done in 983ms @ webpack-internal:///(app-pages-browser)/./node_modules/.pnpm/next@15.5.19_react-dom@19.2.7_react@19.2.7__react@19.2.7/node_modules/next/dist/client/dev/report-hmr-latency.js:13
[  139274ms] [LOG] [Fast Refresh] rebuilding @ webpack-internal:///(app-pages-browser)/./node_modules/.pnpm/next@15.5.19_react-dom@19.2.7_react@19.2.7__react@19.2.7/node_modules/next/dist/client/dev/hot-reloader/app/hot-reloader-app.js:196
[  140021ms] [LOG] [Fast Refresh] done in 748ms @ webpack-internal:///(app-pages-browser)/./node_modules/.pnpm/next@15.5.19_react-dom@19.2.7_react@19.2.7__react@19.2.7/node_modules/next/dist/client/dev/report-hmr-latency.js:13
[  140028ms] [LOG] [Fast Refresh] rebuilding @ webpack-internal:///(app-pages-browser)/./node_modules/.pnpm/next@15.5.19_react-dom@19.2.7_react@19.2.7__react@19.2.7/node_modules/next/dist/client/dev/hot-reloader/app/hot-reloader-app.js:196
[  140755ms] [LOG] [Fast Refresh] done in 728ms @ webpack-internal:///(app-pages-browser)/./node_modules/.pnpm/next@15.5.19_react-dom@19.2.7_react@19.2.7__react@19.2.7/node_modules/next/dist/client/dev/report-hmr-latency.js:13
[  140763ms] [LOG] [Fast Refresh] rebuilding @ webpack-internal:///(app-pages-browser)/./node_modules/.pnpm/next@15.5.19_react-dom@19.2.7_react@19.2.7__react@19.2.7/node_modules/next/dist/client/dev/hot-reloader/app/hot-reloader-app.js:196
[  141550ms] [LOG] [Fast Refresh] done in 786ms @ webpack-internal:///(app-pages-browser)/./node_modules/.pnpm/next@15.5.19_react-dom@19.2.7_react@19.2.7__react@19.2.7/node_modules/next/dist/client/dev/report-hmr-latency.js:13
[  141559ms] [LOG] [Fast Refresh] rebuilding @ webpack-internal:///(app-pages-browser)/./node_modules/.pnpm/next@15.5.19_react-dom@19.2.7_react@19.2.7__react@19.2.7/node_modules/next/dist/client/dev/hot-reloader/app/hot-reloader-app.js:196
[  142266ms] [LOG] [Fast Refresh] done in 706ms @ webpack-internal:///(app-pages-browser)/./node_modules/.pnpm/next@15.5.19_react-dom@19.2.7_react@19.2.7__react@19.2.7/node_modules/next/dist/client/dev/report-hmr-latency.js:13
[  142272ms] [LOG] [Fast Refresh] rebuilding @ webpack-internal:///(app-pages-browser)/./node_modules/.pnpm/next@15.5.19_react-dom@19.2.7_react@19.2.7__react@19.2.7/node_modules/next/dist/client/dev/hot-reloader/app/hot-reloader-app.js:196
[  142971ms] [LOG] [Fast Refresh] done in 699ms @ webpack-internal:///(app-pages-browser)/./node_modules/.pnpm/next@15.5.19_react-dom@19.2.7_react@19.2.7__react@19.2.7/node_modules/next/dist/client/dev/report-hmr-latency.js:13
[  142975ms] [LOG] [Fast Refresh] rebuilding @ webpack-internal:///(app-pages-browser)/./node_modules/.pnpm/next@15.5.19_react-dom@19.2.7_react@19.2.7__react@19.2.7/node_modules/next/dist/client/dev/hot-reloader/app/hot-reloader-app.js:196
[  143765ms] [LOG] [Fast Refresh] done in 790ms @ webpack-internal:///(app-pages-browser)/./node_modules/.pnpm/next@15.5.19_react-dom@19.2.7_react@19.2.7__react@19.2.7/node_modules/next/dist/client/dev/report-hmr-latency.js:13
[  143771ms] [LOG] [Fast Refresh] rebuilding @ webpack-internal:///(app-pages-browser)/./node_modules/.pnpm/next@15.5.19_react-dom@19.2.7_react@19.2.7__react@19.2.7/node_modules/next/dist/client/dev/hot-reloader/app/hot-reloader-app.js:196
[  144466ms] [LOG] [Fast Refresh] done in 695ms @ webpack-internal:///(app-pages-browser)/./node_modules/.pnpm/next@15.5.19_react-dom@19.2.7_react@19.2.7__react@19.2.7/node_modules/next/dist/client/dev/report-hmr-latency.js:13
[  144471ms] [LOG] [Fast Refresh] rebuilding @ webpack-internal:///(app-pages-browser)/./node_modules/.pnpm/next@15.5.19_react-dom@19.2.7_react@19.2.7__react@19.2.7/node_modules/next/dist/client/dev/hot-reloader/app/hot-reloader-app.js:196
[  145228ms] [LOG] [Fast Refresh] done in 756ms @ webpack-internal:///(app-pages-browser)/./node_modules/.pnpm/next@15.5.19_react-dom@19.2.7_react@19.2.7__react@19.2.7/node_modules/next/dist/client/dev/report-hmr-latency.js:13
[  145232ms] [LOG] [Fast Refresh] rebuilding @ webpack-internal:///(app-pages-browser)/./node_modules/.pnpm/next@15.5.19_react-dom@19.2.7_react@19.2.7__react@19.2.7/node_modules/next/dist/client/dev/hot-reloader/app/hot-reloader-app.js:196
[  145975ms] [LOG] [Fast Refresh] done in 742ms @ webpack-internal:///(app-pages-browser)/./node_modules/.pnpm/next@15.5.19_react-dom@19.2.7_react@19.2.7__react@19.2.7/node_modules/next/dist/client/dev/report-hmr-latency.js:13
[  145980ms] [LOG] [Fast Refresh] rebuilding @ webpack-internal:///(app-pages-browser)/./node_modules/.pnpm/next@15.5.19_react-dom@19.2.7_react@19.2.7__react@19.2.7/node_modules/next/dist/client/dev/hot-reloader/app/hot-reloader-app.js:196
[  147014ms] [LOG] [Fast Refresh] done in 1034ms @ webpack-internal:///(app-pages-browser)/./node_modules/.pnpm/next@15.5.19_react-dom@19.2.7_react@19.2.7__react@19.2.7/node_modules/next/dist/client/dev/report-hmr-latency.js:13
[  147026ms] [LOG] [Fast Refresh] rebuilding @ webpack-internal:///(app-pages-browser)/./node_modules/.pnpm/next@15.5.19_react-dom@19.2.7_react@19.2.7__react@19.2.7/node_modules/next/dist/client/dev/hot-reloader/app/hot-reloader-app.js:196
[  148004ms] [LOG] [Fast Refresh] done in 979ms @ webpack-internal:///(app-pages-browser)/./node_modules/.pnpm/next@15.5.19_react-dom@19.2.7_react@19.2.7__react@19.2.7/node_modules/next/dist/client/dev/report-hmr-latency.js:13
[  148022ms] [LOG] [Fast Refresh] rebuilding @ webpack-internal:///(app-pages-browser)/./node_modules/.pnpm/next@15.5.19_react-dom@19.2.7_react@19.2.7__react@19.2.7/node_modules/next/dist/client/dev/hot-reloader/app/hot-reloader-app.js:196
[  148777ms] [LOG] [Fast Refresh] done in 755ms @ webpack-internal:///(app-pages-browser)/./node_modules/.pnpm/next@15.5.19_react-dom@19.2.7_react@19.2.7__react@19.2.7/node_modules/next/dist/client/dev/report-hmr-latency.js:13
[  148782ms] [LOG] [Fast Refresh] rebuilding @ webpack-internal:///(app-pages-browser)/./node_modules/.pnpm/next@15.5.19_react-dom@19.2.7_react@19.2.7__react@19.2.7/node_modules/next/dist/client/dev/hot-reloader/app/hot-reloader-app.js:196
[  149497ms] [LOG] [Fast Refresh] done in 716ms @ webpack-internal:///(app-pages-browser)/./node_modules/.pnpm/next@15.5.19_react-dom@19.2.7_react@19.2.7__react@19.2.7/node_modules/next/dist/client/dev/report-hmr-latency.js:13
[  149503ms] [LOG] [Fast Refresh] rebuilding @ webpack-internal:///(app-pages-browser)/./node_modules/.pnpm/next@15.5.19_react-dom@19.2.7_react@19.2.7__react@19.2.7/node_modules/next/dist/client/dev/hot-reloader/app/hot-reloader-app.js:196
[  150234ms] [LOG] [Fast Refresh] done in 730ms @ webpack-internal:///(app-pages-browser)/./node_modules/.pnpm/next@15.5.19_react-dom@19.2.7_react@19.2.7__react@19.2.7/node_modules/next/dist/client/dev/report-hmr-latency.js:13
[  150242ms] [LOG] [Fast Refresh] rebuilding @ webpack-internal:///(app-pages-browser)/./node_modules/.pnpm/next@15.5.19_react-dom@19.2.7_react@19.2.7__react@19.2.7/node_modules/next/dist/client/dev/hot-reloader/app/hot-reloader-app.js:196
[  150947ms] [LOG] [Fast Refresh] done in 704ms @ webpack-internal:///(app-pages-browser)/./node_modules/.pnpm/next@15.5.19_react-dom@19.2.7_react@19.2.7__react@19.2.7/node_modules/next/dist/client/dev/report-hmr-latency.js:13
[  150952ms] [LOG] [Fast Refresh] rebuilding @ webpack-internal:///(app-pages-browser)/./node_modules/.pnpm/next@15.5.19_react-dom@19.2.7_react@19.2.7__react@19.2.7/node_modules/next/dist/client/dev/hot-reloader/app/hot-reloader-app.js:196
[  152056ms] [LOG] [Fast Refresh] done in 1105ms @ webpack-internal:///(app-pages-browser)/./node_modules/.pnpm/next@15.5.19_react-dom@19.2.7_react@19.2.7__react@19.2.7/node_modules/next/dist/client/dev/report-hmr-latency.js:13
[  152077ms] [LOG] [Fast Refresh] rebuilding @ webpack-internal:///(app-pages-browser)/./node_modules/.pnpm/next@15.5.19_react-dom@19.2.7_react@19.2.7__react@19.2.7/node_modules/next/dist/client/dev/hot-reloader/app/hot-reloader-app.js:196
[  152953ms] [LOG] [Fast Refresh] done in 876ms @ webpack-internal:///(app-pages-browser)/./node_modules/.pnpm/next@15.5.19_react-dom@19.2.7_react@19.2.7__react@19.2.7/node_modules/next/dist/client/dev/report-hmr-latency.js:13
[  152959ms] [LOG] [Fast Refresh] rebuilding @ webpack-internal:///(app-pages-browser)/./node_modules/.pnpm/next@15.5.19_react-dom@19.2.7_react@19.2.7__react@19.2.7/node_modules/next/dist/client/dev/hot-reloader/app/hot-reloader-app.js:196
[  153731ms] [LOG] [Fast Refresh] done in 773ms @ webpack-internal:///(app-pages-browser)/./node_modules/.pnpm/next@15.5.19_react-dom@19.2.7_react@19.2.7__react@19.2.7/node_modules/next/dist/client/dev/report-hmr-latency.js:13
[  153739ms] [LOG] [Fast Refresh] rebuilding @ webpack-internal:///(app-pages-browser)/./node_modules/.pnpm/next@15.5.19_react-dom@19.2.7_react@19.2.7__react@19.2.7/node_modules/next/dist/client/dev/hot-reloader/app/hot-reloader-app.js:196
[  154494ms] [LOG] [Fast Refresh] done in 754ms @ webpack-internal:///(app-pages-browser)/./node_modules/.pnpm/next@15.5.19_react-dom@19.2.7_react@19.2.7__react@19.2.7/node_modules/next/dist/client/dev/report-hmr-latency.js:13
[  154498ms] [LOG] [Fast Refresh] rebuilding @ webpack-internal:///(app-pages-browser)/./node_modules/.pnpm/next@15.5.19_react-dom@19.2.7_react@19.2.7__react@19.2.7/node_modules/next/dist/client/dev/hot-reloader/app/hot-reloader-app.js:196
[  155300ms] [LOG] [Fast Refresh] done in 801ms @ webpack-internal:///(app-pages-browser)/./node_modules/.pnpm/next@15.5.19_react-dom@19.2.7_react@19.2.7__react@19.2.7/node_modules/next/dist/client/dev/report-hmr-latency.js:13
[  155306ms] [LOG] [Fast Refresh] rebuilding @ webpack-internal:///(app-pages-browser)/./node_modules/.pnpm/next@15.5.19_react-dom@19.2.7_react@19.2.7__react@19.2.7/node_modules/next/dist/client/dev/hot-reloader/app/hot-reloader-app.js:196
[  156024ms] [LOG] [Fast Refresh] done in 718ms @ webpack-internal:///(app-pages-browser)/./node_modules/.pnpm/next@15.5.19_react-dom@19.2.7_react@19.2.7__react@19.2.7/node_modules/next/dist/client/dev/report-hmr-latency.js:13
[  156030ms] [LOG] [Fast Refresh] rebuilding @ webpack-internal:///(app-pages-browser)/./node_modules/.pnpm/next@15.5.19_react-dom@19.2.7_react@19.2.7__react@19.2.7/node_modules/next/dist/client/dev/hot-reloader/app/hot-reloader-app.js:196
[  156887ms] [LOG] [Fast Refresh] done in 858ms @ webpack-internal:///(app-pages-browser)/./node_modules/.pnpm/next@15.5.19_react-dom@19.2.7_react@19.2.7__react@19.2.7/node_modules/next/dist/client/dev/report-hmr-latency.js:13
[  156892ms] [LOG] [Fast Refresh] rebuilding @ webpack-internal:///(app-pages-browser)/./node_modules/.pnpm/next@15.5.19_react-dom@19.2.7_react@19.2.7__react@19.2.7/node_modules/next/dist/client/dev/hot-reloader/app/hot-reloader-app.js:196
[  157762ms] [LOG] [Fast Refresh] done in 870ms @ webpack-internal:///(app-pages-browser)/./node_modules/.pnpm/next@15.5.19_react-dom@19.2.7_react@19.2.7__react@19.2.7/node_modules/next/dist/client/dev/report-hmr-latency.js:13
[  157768ms] [LOG] [Fast Refresh] rebuilding @ webpack-internal:///(app-pages-browser)/./node_modules/.pnpm/next@15.5.19_react-dom@19.2.7_react@19.2.7__react@19.2.7/node_modules/next/dist/client/dev/hot-reloader/app/hot-reloader-app.js:196
[  158480ms] [LOG] [Fast Refresh] done in 712ms @ webpack-internal:///(app-pages-browser)/./node_modules/.pnpm/next@15.5.19_react-dom@19.2.7_react@19.2.7__react@19.2.7/node_modules/next/dist/client/dev/report-hmr-latency.js:13
[  158486ms] [LOG] [Fast Refresh] rebuilding @ webpack-internal:///(app-pages-browser)/./node_modules/.pnpm/next@15.5.19_react-dom@19.2.7_react@19.2.7__react@19.2.7/node_modules/next/dist/client/dev/hot-reloader/app/hot-reloader-app.js:196
[  159259ms] [LOG] [Fast Refresh] done in 773ms @ webpack-internal:///(app-pages-browser)/./node_modules/.pnpm/next@15.5.19_react-dom@19.2.7_react@19.2.7__react@19.2.7/node_modules/next/dist/client/dev/report-hmr-latency.js:13
[  159264ms] [LOG] [Fast Refresh] rebuilding @ webpack-internal:///(app-pages-browser)/./node_modules/.pnpm/next@15.5.19_react-dom@19.2.7_react@19.2.7__react@19.2.7/node_modules/next/dist/client/dev/hot-reloader/app/hot-reloader-app.js:196
[  160011ms] [LOG] [Fast Refresh] done in 746ms @ webpack-internal:///(app-pages-browser)/./node_modules/.pnpm/next@15.5.19_react-dom@19.2.7_react@19.2.7__react@19.2.7/node_modules/next/dist/client/dev/report-hmr-latency.js:13
[  160015ms] [LOG] [Fast Refresh] rebuilding @ webpack-internal:///(app-pages-browser)/./node_modules/.pnpm/next@15.5.19_react-dom@19.2.7_react@19.2.7__react@19.2.7/node_modules/next/dist/client/dev/hot-reloader/app/hot-reloader-app.js:196
[  160774ms] [LOG] [Fast Refresh] done in 758ms @ webpack-internal:///(app-pages-browser)/./node_modules/.pnpm/next@15.5.19_react-dom@19.2.7_react@19.2.7__react@19.2.7/node_modules/next/dist/client/dev/report-hmr-latency.js:13
[  160778ms] [LOG] [Fast Refresh] rebuilding @ webpack-internal:///(app-pages-browser)/./node_modules/.pnpm/next@15.5.19_react-dom@19.2.7_react@19.2.7__react@19.2.7/node_modules/next/dist/client/dev/hot-reloader/app/hot-reloader-app.js:196
[  161441ms] [LOG] [Fast Refresh] done in 663ms @ webpack-internal:///(app-pages-browser)/./node_modules/.pnpm/next@15.5.19_react-dom@19.2.7_react@19.2.7__react@19.2.7/node_modules/next/dist/client/dev/report-hmr-latency.js:13
[  161446ms] [LOG] [Fast Refresh] rebuilding @ webpack-internal:///(app-pages-browser)/./node_modules/.pnpm/next@15.5.19_react-dom@19.2.7_react@19.2.7__react@19.2.7/node_modules/next/dist/client/dev/hot-reloader/app/hot-reloader-app.js:196
[  162159ms] [LOG] [Fast Refresh] done in 714ms @ webpack-internal:///(app-pages-browser)/./node_modules/.pnpm/next@15.5.19_react-dom@19.2.7_react@19.2.7__react@19.2.7/node_modules/next/dist/client/dev/report-hmr-latency.js:13
[  162163ms] [LOG] [Fast Refresh] rebuilding @ webpack-internal:///(app-pages-browser)/./node_modules/.pnpm/next@15.5.19_react-dom@19.2.7_react@19.2.7__react@19.2.7/node_modules/next/dist/client/dev/hot-reloader/app/hot-reloader-app.js:196
[  162846ms] [LOG] [Fast Refresh] done in 684ms @ webpack-internal:///(app-pages-browser)/./node_modules/.pnpm/next@15.5.19_react-dom@19.2.7_react@19.2.7__react@19.2.7/node_modules/next/dist/client/dev/report-hmr-latency.js:13
[  162853ms] [LOG] [Fast Refresh] rebuilding @ webpack-internal:///(app-pages-browser)/./node_modules/.pnpm/next@15.5.19_react-dom@19.2.7_react@19.2.7__react@19.2.7/node_modules/next/dist/client/dev/hot-reloader/app/hot-reloader-app.js:196
[  163692ms] [LOG] [Fast Refresh] done in 840ms @ webpack-internal:///(app-pages-browser)/./node_modules/.pnpm/next@15.5.19_react-dom@19.2.7_react@19.2.7__react@19.2.7/node_modules/next/dist/client/dev/report-hmr-latency.js:13
[  163697ms] [LOG] [Fast Refresh] rebuilding @ webpack-internal:///(app-pages-browser)/./node_modules/.pnpm/next@15.5.19_react-dom@19.2.7_react@19.2.7__react@19.2.7/node_modules/next/dist/client/dev/hot-reloader/app/hot-reloader-app.js:196
[  164413ms] [LOG] [Fast Refresh] done in 715ms @ webpack-internal:///(app-pages-browser)/./node_modules/.pnpm/next@15.5.19_react-dom@19.2.7_react@19.2.7__react@19.2.7/node_modules/next/dist/client/dev/report-hmr-latency.js:13
[  164420ms] [LOG] [Fast Refresh] rebuilding @ webpack-internal:///(app-pages-browser)/./node_modules/.pnpm/next@15.5.19_react-dom@19.2.7_react@19.2.7__react@19.2.7/node_modules/next/dist/client/dev/hot-reloader/app/hot-reloader-app.js:196
[  165007ms] [LOG] [Fast Refresh] done in 586ms @ webpack-internal:///(app-pages-browser)/./node_modules/.pnpm/next@15.5.19_react-dom@19.2.7_react@19.2.7__react@19.2.7/node_modules/next/dist/client/dev/report-hmr-latency.js:13
[  165011ms] [LOG] [Fast Refresh] rebuilding @ webpack-internal:///(app-pages-browser)/./node_modules/.pnpm/next@15.5.19_react-dom@19.2.7_react@19.2.7__react@19.2.7/node_modules/next/dist/client/dev/hot-reloader/app/hot-reloader-app.js:196
[  165705ms] [LOG] [Fast Refresh] done in 695ms @ webpack-internal:///(app-pages-browser)/./node_modules/.pnpm/next@15.5.19_react-dom@19.2.7_react@19.2.7__react@19.2.7/node_modules/next/dist/client/dev/report-hmr-latency.js:13
[  165713ms] [LOG] [Fast Refresh] rebuilding @ webpack-internal:///(app-pages-browser)/./node_modules/.pnpm/next@15.5.19_react-dom@19.2.7_react@19.2.7__react@19.2.7/node_modules/next/dist/client/dev/hot-reloader/app/hot-reloader-app.js:196
[  166444ms] [LOG] [Fast Refresh] done in 731ms @ webpack-internal:///(app-pages-browser)/./node_modules/.pnpm/next@15.5.19_react-dom@19.2.7_react@19.2.7__react@19.2.7/node_modules/next/dist/client/dev/report-hmr-latency.js:13
[  166447ms] [LOG] [Fast Refresh] rebuilding @ webpack-internal:///(app-pages-browser)/./node_modules/.pnpm/next@15.5.19_react-dom@19.2.7_react@19.2.7__react@19.2.7/node_modules/next/dist/client/dev/hot-reloader/app/hot-reloader-app.js:196
[  167193ms] [LOG] [Fast Refresh] done in 745ms @ webpack-internal:///(app-pages-browser)/./node_modules/.pnpm/next@15.5.19_react-dom@19.2.7_react@19.2.7__react@19.2.7/node_modules/next/dist/client/dev/report-hmr-latency.js:13
[  167264ms] [LOG] [Fast Refresh] rebuilding @ webpack-internal:///(app-pages-browser)/./node_modules/.pnpm/next@15.5.19_react-dom@19.2.7_react@19.2.7__react@19.2.7/node_modules/next/dist/client/dev/hot-reloader/app/hot-reloader-app.js:196
[  168473ms] [LOG] [Fast Refresh] done in 1208ms @ webpack-internal:///(app-pages-browser)/./node_modules/.pnpm/next@15.5.19_react-dom@19.2.7_react@19.2.7__react@19.2.7/node_modules/next/dist/client/dev/report-hmr-latency.js:13
[  168476ms] [LOG] [Fast Refresh] rebuilding @ webpack-internal:///(app-pages-browser)/./node_modules/.pnpm/next@15.5.19_react-dom@19.2.7_react@19.2.7__react@19.2.7/node_modules/next/dist/client/dev/hot-reloader/app/hot-reloader-app.js:196
[  169220ms] [LOG] [Fast Refresh] done in 743ms @ webpack-internal:///(app-pages-browser)/./node_modules/.pnpm/next@15.5.19_react-dom@19.2.7_react@19.2.7__react@19.2.7/node_modules/next/dist/client/dev/report-hmr-latency.js:13
[  169225ms] [LOG] [Fast Refresh] rebuilding @ webpack-internal:///(app-pages-browser)/./node_modules/.pnpm/next@15.5.19_react-dom@19.2.7_react@19.2.7__react@19.2.7/node_modules/next/dist/client/dev/hot-reloader/app/hot-reloader-app.js:196
[  169978ms] [LOG] [Fast Refresh] done in 752ms @ webpack-internal:///(app-pages-browser)/./node_modules/.pnpm/next@15.5.19_react-dom@19.2.7_react@19.2.7__react@19.2.7/node_modules/next/dist/client/dev/report-hmr-latency.js:13
[  169981ms] [LOG] [Fast Refresh] rebuilding @ webpack-internal:///(app-pages-browser)/./node_modules/.pnpm/next@15.5.19_react-dom@19.2.7_react@19.2.7__react@19.2.7/node_modules/next/dist/client/dev/hot-reloader/app/hot-reloader-app.js:196
[  170704ms] [LOG] [Fast Refresh] done in 723ms @ webpack-internal:///(app-pages-browser)/./node_modules/.pnpm/next@15.5.19_react-dom@19.2.7_react@19.2.7__react@19.2.7/node_modules/next/dist/client/dev/report-hmr-latency.js:13
[  170710ms] [LOG] [Fast Refresh] rebuilding @ webpack-internal:///(app-pages-browser)/./node_modules/.pnpm/next@15.5.19_react-dom@19.2.7_react@19.2.7__react@19.2.7/node_modules/next/dist/client/dev/hot-reloader/app/hot-reloader-app.js:196
[  171424ms] [LOG] [Fast Refresh] done in 715ms @ webpack-internal:///(app-pages-browser)/./node_modules/.pnpm/next@15.5.19_react-dom@19.2.7_react@19.2.7__react@19.2.7/node_modules/next/dist/client/dev/report-hmr-latency.js:13
[  171428ms] [LOG] [Fast Refresh] rebuilding @ webpack-internal:///(app-pages-browser)/./node_modules/.pnpm/next@15.5.19_react-dom@19.2.7_react@19.2.7__react@19.2.7/node_modules/next/dist/client/dev/hot-reloader/app/hot-reloader-app.js:196
[  172096ms] [LOG] [Fast Refresh] done in 669ms @ webpack-internal:///(app-pages-browser)/./node_modules/.pnpm/next@15.5.19_react-dom@19.2.7_react@19.2.7__react@19.2.7/node_modules/next/dist/client/dev/report-hmr-latency.js:13
[  172102ms] [LOG] [Fast Refresh] rebuilding @ webpack-internal:///(app-pages-browser)/./node_modules/.pnpm/next@15.5.19_react-dom@19.2.7_react@19.2.7__react@19.2.7/node_modules/next/dist/client/dev/hot-reloader/app/hot-reloader-app.js:196
[  172791ms] [LOG] [Fast Refresh] done in 689ms @ webpack-internal:///(app-pages-browser)/./node_modules/.pnpm/next@15.5.19_react-dom@19.2.7_react@19.2.7__react@19.2.7/node_modules/next/dist/client/dev/report-hmr-latency.js:13
[  172797ms] [LOG] [Fast Refresh] rebuilding @ webpack-internal:///(app-pages-browser)/./node_modules/.pnpm/next@15.5.19_react-dom@19.2.7_react@19.2.7__react@19.2.7/node_modules/next/dist/client/dev/hot-reloader/app/hot-reloader-app.js:196
[  173614ms] [LOG] [Fast Refresh] done in 816ms @ webpack-internal:///(app-pages-browser)/./node_modules/.pnpm/next@15.5.19_react-dom@19.2.7_react@19.2.7__react@19.2.7/node_modules/next/dist/client/dev/report-hmr-latency.js:13
[  173623ms] [LOG] [Fast Refresh] rebuilding @ webpack-internal:///(app-pages-browser)/./node_modules/.pnpm/next@15.5.19_react-dom@19.2.7_react@19.2.7__react@19.2.7/node_modules/next/dist/client/dev/hot-reloader/app/hot-reloader-app.js:196
[  174358ms] [LOG] [Fast Refresh] done in 736ms @ webpack-internal:///(app-pages-browser)/./node_modules/.pnpm/next@15.5.19_react-dom@19.2.7_react@19.2.7__react@19.2.7/node_modules/next/dist/client/dev/report-hmr-latency.js:13
[  174362ms] [LOG] [Fast Refresh] rebuilding @ webpack-internal:///(app-pages-browser)/./node_modules/.pnpm/next@15.5.19_react-dom@19.2.7_react@19.2.7__react@19.2.7/node_modules/next/dist/client/dev/hot-reloader/app/hot-reloader-app.js:196
[  175073ms] [LOG] [Fast Refresh] done in 711ms @ webpack-internal:///(app-pages-browser)/./node_modules/.pnpm/next@15.5.19_react-dom@19.2.7_react@19.2.7__react@19.2.7/node_modules/next/dist/client/dev/report-hmr-latency.js:13
[  175076ms] [LOG] [Fast Refresh] rebuilding @ webpack-internal:///(app-pages-browser)/./node_modules/.pnpm/next@15.5.19_react-dom@19.2.7_react@19.2.7__react@19.2.7/node_modules/next/dist/client/dev/hot-reloader/app/hot-reloader-app.js:196
[  175766ms] [LOG] [Fast Refresh] done in 690ms @ webpack-internal:///(app-pages-browser)/./node_modules/.pnpm/next@15.5.19_react-dom@19.2.7_react@19.2.7__react@19.2.7/node_modules/next/dist/client/dev/report-hmr-latency.js:13
[  175770ms] [LOG] [Fast Refresh] rebuilding @ webpack-internal:///(app-pages-browser)/./node_modules/.pnpm/next@15.5.19_react-dom@19.2.7_react@19.2.7__react@19.2.7/node_modules/next/dist/client/dev/hot-reloader/app/hot-reloader-app.js:196
[  176423ms] [LOG] [Fast Refresh] done in 652ms @ webpack-internal:///(app-pages-browser)/./node_modules/.pnpm/next@15.5.19_react-dom@19.2.7_react@19.2.7__react@19.2.7/node_modules/next/dist/client/dev/report-hmr-latency.js:13
[  176428ms] [LOG] [Fast Refresh] rebuilding @ webpack-internal:///(app-pages-browser)/./node_modules/.pnpm/next@15.5.19_react-dom@19.2.7_react@19.2.7__react@19.2.7/node_modules/next/dist/client/dev/hot-reloader/app/hot-reloader-app.js:196
[  177127ms] [LOG] [Fast Refresh] done in 698ms @ webpack-internal:///(app-pages-browser)/./node_modules/.pnpm/next@15.5.19_react-dom@19.2.7_react@19.2.7__react@19.2.7/node_modules/next/dist/client/dev/report-hmr-latency.js:13
[  177130ms] [LOG] [Fast Refresh] rebuilding @ webpack-internal:///(app-pages-browser)/./node_modules/.pnpm/next@15.5.19_react-dom@19.2.7_react@19.2.7__react@19.2.7/node_modules/next/dist/client/dev/hot-reloader/app/hot-reloader-app.js:196
[  177809ms] [LOG] [Fast Refresh] done in 678ms @ webpack-internal:///(app-pages-browser)/./node_modules/.pnpm/next@15.5.19_react-dom@19.2.7_react@19.2.7__react@19.2.7/node_modules/next/dist/client/dev/report-hmr-latency.js:13
[  177813ms] [LOG] [Fast Refresh] rebuilding @ webpack-internal:///(app-pages-browser)/./node_modules/.pnpm/next@15.5.19_react-dom@19.2.7_react@19.2.7__react@19.2.7/node_modules/next/dist/client/dev/hot-reloader/app/hot-reloader-app.js:196
[  178491ms] [LOG] [Fast Refresh] done in 679ms @ webpack-internal:///(app-pages-browser)/./node_modules/.pnpm/next@15.5.19_react-dom@19.2.7_react@19.2.7__react@19.2.7/node_modules/next/dist/client/dev/report-hmr-latency.js:13
[  178494ms] [LOG] [Fast Refresh] rebuilding @ webpack-internal:///(app-pages-browser)/./node_modules/.pnpm/next@15.5.19_react-dom@19.2.7_react@19.2.7__react@19.2.7/node_modules/next/dist/client/dev/hot-reloader/app/hot-reloader-app.js:196
[  179263ms] [LOG] [Fast Refresh] done in 768ms @ webpack-internal:///(app-pages-browser)/./node_modules/.pnpm/next@15.5.19_react-dom@19.2.7_react@19.2.7__react@19.2.7/node_modules/next/dist/client/dev/report-hmr-latency.js:13
[  179268ms] [LOG] [Fast Refresh] rebuilding @ webpack-internal:///(app-pages-browser)/./node_modules/.pnpm/next@15.5.19_react-dom@19.2.7_react@19.2.7__react@19.2.7/node_modules/next/dist/client/dev/hot-reloader/app/hot-reloader-app.js:196
[  180110ms] [LOG] [Fast Refresh] done in 842ms @ webpack-internal:///(app-pages-browser)/./node_modules/.pnpm/next@15.5.19_react-dom@19.2.7_react@19.2.7__react@19.2.7/node_modules/next/dist/client/dev/report-hmr-latency.js:13
[  180120ms] [LOG] [Fast Refresh] rebuilding @ webpack-internal:///(app-pages-browser)/./node_modules/.pnpm/next@15.5.19_react-dom@19.2.7_react@19.2.7__react@19.2.7/node_modules/next/dist/client/dev/hot-reloader/app/hot-reloader-app.js:196
[  180821ms] [LOG] [Fast Refresh] done in 701ms @ webpack-internal:///(app-pages-browser)/./node_modules/.pnpm/next@15.5.19_react-dom@19.2.7_react@19.2.7__react@19.2.7/node_modules/next/dist/client/dev/report-hmr-latency.js:13
[  180826ms] [LOG] [Fast Refresh] rebuilding @ webpack-internal:///(app-pages-browser)/./node_modules/.pnpm/next@15.5.19_react-dom@19.2.7_react@19.2.7__react@19.2.7/node_modules/next/dist/client/dev/hot-reloader/app/hot-reloader-app.js:196
[  181388ms] [LOG] [Fast Refresh] done in 562ms @ webpack-internal:///(app-pages-browser)/./node_modules/.pnpm/next@15.5.19_react-dom@19.2.7_react@19.2.7__react@19.2.7/node_modules/next/dist/client/dev/report-hmr-latency.js:13
[  181393ms] [LOG] [Fast Refresh] rebuilding @ webpack-internal:///(app-pages-browser)/./node_modules/.pnpm/next@15.5.19_react-dom@19.2.7_react@19.2.7__react@19.2.7/node_modules/next/dist/client/dev/hot-reloader/app/hot-reloader-app.js:196
[  182224ms] [LOG] [Fast Refresh] done in 832ms @ webpack-internal:///(app-pages-browser)/./node_modules/.pnpm/next@15.5.19_react-dom@19.2.7_react@19.2.7__react@19.2.7/node_modules/next/dist/client/dev/report-hmr-latency.js:13
[  182361ms] [LOG] [Fast Refresh] rebuilding @ webpack-internal:///(app-pages-browser)/./node_modules/.pnpm/next@15.5.19_react-dom@19.2.7_react@19.2.7__react@19.2.7/node_modules/next/dist/client/dev/hot-reloader/app/hot-reloader-app.js:196
[  183304ms] [LOG] [Fast Refresh] done in 943ms @ webpack-internal:///(app-pages-browser)/./node_modules/.pnpm/next@15.5.19_react-dom@19.2.7_react@19.2.7__react@19.2.7/node_modules/next/dist/client/dev/report-hmr-latency.js:13
[  183309ms] [LOG] [Fast Refresh] rebuilding @ webpack-internal:///(app-pages-browser)/./node_modules/.pnpm/next@15.5.19_react-dom@19.2.7_react@19.2.7__react@19.2.7/node_modules/next/dist/client/dev/hot-reloader/app/hot-reloader-app.js:196
[  184155ms] [LOG] [Fast Refresh] done in 845ms @ webpack-internal:///(app-pages-browser)/./node_modules/.pnpm/next@15.5.19_react-dom@19.2.7_react@19.2.7__react@19.2.7/node_modules/next/dist/client/dev/report-hmr-latency.js:13
[  184159ms] [LOG] [Fast Refresh] rebuilding @ webpack-internal:///(app-pages-browser)/./node_modules/.pnpm/next@15.5.19_react-dom@19.2.7_react@19.2.7__react@19.2.7/node_modules/next/dist/client/dev/hot-reloader/app/hot-reloader-app.js:196
[  185111ms] [LOG] [Fast Refresh] done in 951ms @ webpack-internal:///(app-pages-browser)/./node_modules/.pnpm/next@15.5.19_react-dom@19.2.7_react@19.2.7__react@19.2.7/node_modules/next/dist/client/dev/report-hmr-latency.js:13
[  185119ms] [LOG] [Fast Refresh] rebuilding @ webpack-internal:///(app-pages-browser)/./node_modules/.pnpm/next@15.5.19_react-dom@19.2.7_react@19.2.7__react@19.2.7/node_modules/next/dist/client/dev/hot-reloader/app/hot-reloader-app.js:196
[  186007ms] [LOG] [Fast Refresh] done in 887ms @ webpack-internal:///(app-pages-browser)/./node_modules/.pnpm/next@15.5.19_react-dom@19.2.7_react@19.2.7__react@19.2.7/node_modules/next/dist/client/dev/report-hmr-latency.js:13
[  186011ms] [LOG] [Fast Refresh] rebuilding @ webpack-internal:///(app-pages-browser)/./node_modules/.pnpm/next@15.5.19_react-dom@19.2.7_react@19.2.7__react@19.2.7/node_modules/next/dist/client/dev/hot-reloader/app/hot-reloader-app.js:196
[  186872ms] [LOG] [Fast Refresh] done in 861ms @ webpack-internal:///(app-pages-browser)/./node_modules/.pnpm/next@15.5.19_react-dom@19.2.7_react@19.2.7__react@19.2.7/node_modules/next/dist/client/dev/report-hmr-latency.js:13
[  186876ms] [LOG] [Fast Refresh] rebuilding @ webpack-internal:///(app-pages-browser)/./node_modules/.pnpm/next@15.5.19_react-dom@19.2.7_react@19.2.7__react@19.2.7/node_modules/next/dist/client/dev/hot-reloader/app/hot-reloader-app.js:196
[  187572ms] [LOG] [Fast Refresh] done in 696ms @ webpack-internal:///(app-pages-browser)/./node_modules/.pnpm/next@15.5.19_react-dom@19.2.7_react@19.2.7__react@19.2.7/node_modules/next/dist/client/dev/report-hmr-latency.js:13
[  187578ms] [LOG] [Fast Refresh] rebuilding @ webpack-internal:///(app-pages-browser)/./node_modules/.pnpm/next@15.5.19_react-dom@19.2.7_react@19.2.7__react@19.2.7/node_modules/next/dist/client/dev/hot-reloader/app/hot-reloader-app.js:196
[  188295ms] [LOG] [Fast Refresh] done in 716ms @ webpack-internal:///(app-pages-browser)/./node_modules/.pnpm/next@15.5.19_react-dom@19.2.7_react@19.2.7__react@19.2.7/node_modules/next/dist/client/dev/report-hmr-latency.js:13
[  188302ms] [LOG] [Fast Refresh] rebuilding @ webpack-internal:///(app-pages-browser)/./node_modules/.pnpm/next@15.5.19_react-dom@19.2.7_react@19.2.7__react@19.2.7/node_modules/next/dist/client/dev/hot-reloader/app/hot-reloader-app.js:196
[  189091ms] [LOG] [Fast Refresh] done in 790ms @ webpack-internal:///(app-pages-browser)/./node_modules/.pnpm/next@15.5.19_react-dom@19.2.7_react@19.2.7__react@19.2.7/node_modules/next/dist/client/dev/report-hmr-latency.js:13
[  189096ms] [LOG] [Fast Refresh] rebuilding @ webpack-internal:///(app-pages-browser)/./node_modules/.pnpm/next@15.5.19_react-dom@19.2.7_react@19.2.7__react@19.2.7/node_modules/next/dist/client/dev/hot-reloader/app/hot-reloader-app.js:196
[  189762ms] [LOG] [Fast Refresh] done in 667ms @ webpack-internal:///(app-pages-browser)/./node_modules/.pnpm/next@15.5.19_react-dom@19.2.7_react@19.2.7__react@19.2.7/node_modules/next/dist/client/dev/report-hmr-latency.js:13
[  189769ms] [LOG] [Fast Refresh] rebuilding @ webpack-internal:///(app-pages-browser)/./node_modules/.pnpm/next@15.5.19_react-dom@19.2.7_react@19.2.7__react@19.2.7/node_modules/next/dist/client/dev/hot-reloader/app/hot-reloader-app.js:196
[  190431ms] [LOG] [Fast Refresh] done in 662ms @ webpack-internal:///(app-pages-browser)/./node_modules/.pnpm/next@15.5.19_react-dom@19.2.7_react@19.2.7__react@19.2.7/node_modules/next/dist/client/dev/report-hmr-latency.js:13
[  190484ms] [LOG] [Fast Refresh] rebuilding @ webpack-internal:///(app-pages-browser)/./node_modules/.pnpm/next@15.5.19_react-dom@19.2.7_react@19.2.7__react@19.2.7/node_modules/next/dist/client/dev/hot-reloader/app/hot-reloader-app.js:196
[  191240ms] [LOG] [Fast Refresh] done in 757ms @ webpack-internal:///(app-pages-browser)/./node_modules/.pnpm/next@15.5.19_react-dom@19.2.7_react@19.2.7__react@19.2.7/node_modules/next/dist/client/dev/report-hmr-latency.js:13
[  191244ms] [LOG] [Fast Refresh] rebuilding @ webpack-internal:///(app-pages-browser)/./node_modules/.pnpm/next@15.5.19_react-dom@19.2.7_react@19.2.7__react@19.2.7/node_modules/next/dist/client/dev/hot-reloader/app/hot-reloader-app.js:196
[  191937ms] [LOG] [Fast Refresh] done in 693ms @ webpack-internal:///(app-pages-browser)/./node_modules/.pnpm/next@15.5.19_react-dom@19.2.7_react@19.2.7__react@19.2.7/node_modules/next/dist/client/dev/report-hmr-latency.js:13
[  191943ms] [LOG] [Fast Refresh] rebuilding @ webpack-internal:///(app-pages-browser)/./node_modules/.pnpm/next@15.5.19_react-dom@19.2.7_react@19.2.7__react@19.2.7/node_modules/next/dist/client/dev/hot-reloader/app/hot-reloader-app.js:196
[  192687ms] [LOG] [Fast Refresh] done in 744ms @ webpack-internal:///(app-pages-browser)/./node_modules/.pnpm/next@15.5.19_react-dom@19.2.7_react@19.2.7__react@19.2.7/node_modules/next/dist/client/dev/report-hmr-latency.js:13
[  192692ms] [LOG] [Fast Refresh] rebuilding @ webpack-internal:///(app-pages-browser)/./node_modules/.pnpm/next@15.5.19_react-dom@19.2.7_react@19.2.7__react@19.2.7/node_modules/next/dist/client/dev/hot-reloader/app/hot-reloader-app.js:196
[  193429ms] [LOG] [Fast Refresh] done in 738ms @ webpack-internal:///(app-pages-browser)/./node_modules/.pnpm/next@15.5.19_react-dom@19.2.7_react@19.2.7__react@19.2.7/node_modules/next/dist/client/dev/report-hmr-latency.js:13
[  193436ms] [LOG] [Fast Refresh] rebuilding @ webpack-internal:///(app-pages-browser)/./node_modules/.pnpm/next@15.5.19_react-dom@19.2.7_react@19.2.7__react@19.2.7/node_modules/next/dist/client/dev/hot-reloader/app/hot-reloader-app.js:196
[  194171ms] [LOG] [Fast Refresh] done in 735ms @ webpack-internal:///(app-pages-browser)/./node_modules/.pnpm/next@15.5.19_react-dom@19.2.7_react@19.2.7__react@19.2.7/node_modules/next/dist/client/dev/report-hmr-latency.js:13
[  194175ms] [LOG] [Fast Refresh] rebuilding @ webpack-internal:///(app-pages-browser)/./node_modules/.pnpm/next@15.5.19_react-dom@19.2.7_react@19.2.7__react@19.2.7/node_modules/next/dist/client/dev/hot-reloader/app/hot-reloader-app.js:196
[  194927ms] [LOG] [Fast Refresh] done in 752ms @ webpack-internal:///(app-pages-browser)/./node_modules/.pnpm/next@15.5.19_react-dom@19.2.7_react@19.2.7__react@19.2.7/node_modules/next/dist/client/dev/report-hmr-latency.js:13
[  194971ms] [LOG] [Fast Refresh] rebuilding @ webpack-internal:///(app-pages-browser)/./node_modules/.pnpm/next@15.5.19_react-dom@19.2.7_react@19.2.7__react@19.2.7/node_modules/next/dist/client/dev/hot-reloader/app/hot-reloader-app.js:196
[  196025ms] [LOG] [Fast Refresh] done in 1053ms @ webpack-internal:///(app-pages-browser)/./node_modules/.pnpm/next@15.5.19_react-dom@19.2.7_react@19.2.7__react@19.2.7/node_modules/next/dist/client/dev/report-hmr-latency.js:13
[  196068ms] [LOG] [Fast Refresh] rebuilding @ webpack-internal:///(app-pages-browser)/./node_modules/.pnpm/next@15.5.19_react-dom@19.2.7_react@19.2.7__react@19.2.7/node_modules/next/dist/client/dev/hot-reloader/app/hot-reloader-app.js:196
[  196825ms] [LOG] [Fast Refresh] done in 757ms @ webpack-internal:///(app-pages-browser)/./node_modules/.pnpm/next@15.5.19_react-dom@19.2.7_react@19.2.7__react@19.2.7/node_modules/next/dist/client/dev/report-hmr-latency.js:13
[  196833ms] [LOG] [Fast Refresh] rebuilding @ webpack-internal:///(app-pages-browser)/./node_modules/.pnpm/next@15.5.19_react-dom@19.2.7_react@19.2.7__react@19.2.7/node_modules/next/dist/client/dev/hot-reloader/app/hot-reloader-app.js:196
[  197740ms] [LOG] [Fast Refresh] done in 907ms @ webpack-internal:///(app-pages-browser)/./node_modules/.pnpm/next@15.5.19_react-dom@19.2.7_react@19.2.7__react@19.2.7/node_modules/next/dist/client/dev/report-hmr-latency.js:13
[  197743ms] [LOG] [Fast Refresh] rebuilding @ webpack-internal:///(app-pages-browser)/./node_modules/.pnpm/next@15.5.19_react-dom@19.2.7_react@19.2.7__react@19.2.7/node_modules/next/dist/client/dev/hot-reloader/app/hot-reloader-app.js:196
[  198495ms] [LOG] [Fast Refresh] done in 751ms @ webpack-internal:///(app-pages-browser)/./node_modules/.pnpm/next@15.5.19_react-dom@19.2.7_react@19.2.7__react@19.2.7/node_modules/next/dist/client/dev/report-hmr-latency.js:13
[  198501ms] [LOG] [Fast Refresh] rebuilding @ webpack-internal:///(app-pages-browser)/./node_modules/.pnpm/next@15.5.19_react-dom@19.2.7_react@19.2.7__react@19.2.7/node_modules/next/dist/client/dev/hot-reloader/app/hot-reloader-app.js:196
[  199257ms] [LOG] [Fast Refresh] done in 755ms @ webpack-internal:///(app-pages-browser)/./node_modules/.pnpm/next@15.5.19_react-dom@19.2.7_react@19.2.7__react@19.2.7/node_modules/next/dist/client/dev/report-hmr-latency.js:13
[  199266ms] [LOG] [Fast Refresh] rebuilding @ webpack-internal:///(app-pages-browser)/./node_modules/.pnpm/next@15.5.19_react-dom@19.2.7_react@19.2.7__react@19.2.7/node_modules/next/dist/client/dev/hot-reloader/app/hot-reloader-app.js:196
[  200001ms] [LOG] [Fast Refresh] done in 734ms @ webpack-internal:///(app-pages-browser)/./node_modules/.pnpm/next@15.5.19_react-dom@19.2.7_react@19.2.7__react@19.2.7/node_modules/next/dist/client/dev/report-hmr-latency.js:13
[  200004ms] [LOG] [Fast Refresh] rebuilding @ webpack-internal:///(app-pages-browser)/./node_modules/.pnpm/next@15.5.19_react-dom@19.2.7_react@19.2.7__react@19.2.7/node_modules/next/dist/client/dev/hot-reloader/app/hot-reloader-app.js:196
[  200761ms] [LOG] [Fast Refresh] done in 756ms @ webpack-internal:///(app-pages-browser)/./node_modules/.pnpm/next@15.5.19_react-dom@19.2.7_react@19.2.7__react@19.2.7/node_modules/next/dist/client/dev/report-hmr-latency.js:13
[  200766ms] [LOG] [Fast Refresh] rebuilding @ webpack-internal:///(app-pages-browser)/./node_modules/.pnpm/next@15.5.19_react-dom@19.2.7_react@19.2.7__react@19.2.7/node_modules/next/dist/client/dev/hot-reloader/app/hot-reloader-app.js:196
[  201511ms] [LOG] [Fast Refresh] done in 745ms @ webpack-internal:///(app-pages-browser)/./node_modules/.pnpm/next@15.5.19_react-dom@19.2.7_react@19.2.7__react@19.2.7/node_modules/next/dist/client/dev/report-hmr-latency.js:13
[  201516ms] [LOG] [Fast Refresh] rebuilding @ webpack-internal:///(app-pages-browser)/./node_modules/.pnpm/next@15.5.19_react-dom@19.2.7_react@19.2.7__react@19.2.7/node_modules/next/dist/client/dev/hot-reloader/app/hot-reloader-app.js:196
[  202220ms] [LOG] [Fast Refresh] done in 704ms @ webpack-internal:///(app-pages-browser)/./node_modules/.pnpm/next@15.5.19_react-dom@19.2.7_react@19.2.7__react@19.2.7/node_modules/next/dist/client/dev/report-hmr-latency.js:13
[  202230ms] [LOG] [Fast Refresh] rebuilding @ webpack-internal:///(app-pages-browser)/./node_modules/.pnpm/next@15.5.19_react-dom@19.2.7_react@19.2.7__react@19.2.7/node_modules/next/dist/client/dev/hot-reloader/app/hot-reloader-app.js:196
[  203085ms] [LOG] [Fast Refresh] done in 855ms @ webpack-internal:///(app-pages-browser)/./node_modules/.pnpm/next@15.5.19_react-dom@19.2.7_react@19.2.7__react@19.2.7/node_modules/next/dist/client/dev/report-hmr-latency.js:13
[  203089ms] [LOG] [Fast Refresh] rebuilding @ webpack-internal:///(app-pages-browser)/./node_modules/.pnpm/next@15.5.19_react-dom@19.2.7_react@19.2.7__react@19.2.7/node_modules/next/dist/client/dev/hot-reloader/app/hot-reloader-app.js:196
[  203848ms] [LOG] [Fast Refresh] done in 759ms @ webpack-internal:///(app-pages-browser)/./node_modules/.pnpm/next@15.5.19_react-dom@19.2.7_react@19.2.7__react@19.2.7/node_modules/next/dist/client/dev/report-hmr-latency.js:13
[  203854ms] [LOG] [Fast Refresh] rebuilding @ webpack-internal:///(app-pages-browser)/./node_modules/.pnpm/next@15.5.19_react-dom@19.2.7_react@19.2.7__react@19.2.7/node_modules/next/dist/client/dev/hot-reloader/app/hot-reloader-app.js:196
[  204928ms] [LOG] [Fast Refresh] done in 1075ms @ webpack-internal:///(app-pages-browser)/./node_modules/.pnpm/next@15.5.19_react-dom@19.2.7_react@19.2.7__react@19.2.7/node_modules/next/dist/client/dev/report-hmr-latency.js:13
[  204934ms] [LOG] [Fast Refresh] rebuilding @ webpack-internal:///(app-pages-browser)/./node_modules/.pnpm/next@15.5.19_react-dom@19.2.7_react@19.2.7__react@19.2.7/node_modules/next/dist/client/dev/hot-reloader/app/hot-reloader-app.js:196
[  205711ms] [LOG] [Fast Refresh] done in 778ms @ webpack-internal:///(app-pages-browser)/./node_modules/.pnpm/next@15.5.19_react-dom@19.2.7_react@19.2.7__react@19.2.7/node_modules/next/dist/client/dev/report-hmr-latency.js:13
[  205717ms] [LOG] [Fast Refresh] rebuilding @ webpack-internal:///(app-pages-browser)/./node_modules/.pnpm/next@15.5.19_react-dom@19.2.7_react@19.2.7__react@19.2.7/node_modules/next/dist/client/dev/hot-reloader/app/hot-reloader-app.js:196
[  206436ms] [LOG] [Fast Refresh] done in 719ms @ webpack-internal:///(app-pages-browser)/./node_modules/.pnpm/next@15.5.19_react-dom@19.2.7_react@19.2.7__react@19.2.7/node_modules/next/dist/client/dev/report-hmr-latency.js:13
[  206440ms] [LOG] [Fast Refresh] rebuilding @ webpack-internal:///(app-pages-browser)/./node_modules/.pnpm/next@15.5.19_react-dom@19.2.7_react@19.2.7__react@19.2.7/node_modules/next/dist/client/dev/hot-reloader/app/hot-reloader-app.js:196
[  207131ms] [LOG] [Fast Refresh] done in 691ms @ webpack-internal:///(app-pages-browser)/./node_modules/.pnpm/next@15.5.19_react-dom@19.2.7_react@19.2.7__react@19.2.7/node_modules/next/dist/client/dev/report-hmr-latency.js:13
[  207138ms] [LOG] [Fast Refresh] rebuilding @ webpack-internal:///(app-pages-browser)/./node_modules/.pnpm/next@15.5.19_react-dom@19.2.7_react@19.2.7__react@19.2.7/node_modules/next/dist/client/dev/hot-reloader/app/hot-reloader-app.js:196
[  207854ms] [LOG] [Fast Refresh] done in 717ms @ webpack-internal:///(app-pages-browser)/./node_modules/.pnpm/next@15.5.19_react-dom@19.2.7_react@19.2.7__react@19.2.7/node_modules/next/dist/client/dev/report-hmr-latency.js:13
[  207858ms] [LOG] [Fast Refresh] rebuilding @ webpack-internal:///(app-pages-browser)/./node_modules/.pnpm/next@15.5.19_react-dom@19.2.7_react@19.2.7__react@19.2.7/node_modules/next/dist/client/dev/hot-reloader/app/hot-reloader-app.js:196
[  208489ms] [LOG] [Fast Refresh] done in 632ms @ webpack-internal:///(app-pages-browser)/./node_modules/.pnpm/next@15.5.19_react-dom@19.2.7_react@19.2.7__react@19.2.7/node_modules/next/dist/client/dev/report-hmr-latency.js:13
[  208493ms] [LOG] [Fast Refresh] rebuilding @ webpack-internal:///(app-pages-browser)/./node_modules/.pnpm/next@15.5.19_react-dom@19.2.7_react@19.2.7__react@19.2.7/node_modules/next/dist/client/dev/hot-reloader/app/hot-reloader-app.js:196
[  209103ms] [LOG] [Fast Refresh] done in 610ms @ webpack-internal:///(app-pages-browser)/./node_modules/.pnpm/next@15.5.19_react-dom@19.2.7_react@19.2.7__react@19.2.7/node_modules/next/dist/client/dev/report-hmr-latency.js:13
[  209107ms] [LOG] [Fast Refresh] rebuilding @ webpack-internal:///(app-pages-browser)/./node_modules/.pnpm/next@15.5.19_react-dom@19.2.7_react@19.2.7__react@19.2.7/node_modules/next/dist/client/dev/hot-reloader/app/hot-reloader-app.js:196
[  209872ms] [LOG] [Fast Refresh] done in 765ms @ webpack-internal:///(app-pages-browser)/./node_modules/.pnpm/next@15.5.19_react-dom@19.2.7_react@19.2.7__react@19.2.7/node_modules/next/dist/client/dev/report-hmr-latency.js:13
[  209876ms] [LOG] [Fast Refresh] rebuilding @ webpack-internal:///(app-pages-browser)/./node_modules/.pnpm/next@15.5.19_react-dom@19.2.7_react@19.2.7__react@19.2.7/node_modules/next/dist/client/dev/hot-reloader/app/hot-reloader-app.js:196
[  210568ms] [LOG] [Fast Refresh] done in 692ms @ webpack-internal:///(app-pages-browser)/./node_modules/.pnpm/next@15.5.19_react-dom@19.2.7_react@19.2.7__react@19.2.7/node_modules/next/dist/client/dev/report-hmr-latency.js:13
[  210578ms] [LOG] [Fast Refresh] rebuilding @ webpack-internal:///(app-pages-browser)/./node_modules/.pnpm/next@15.5.19_react-dom@19.2.7_react@19.2.7__react@19.2.7/node_modules/next/dist/client/dev/hot-reloader/app/hot-reloader-app.js:196
[  211653ms] [LOG] [Fast Refresh] done in 1075ms @ webpack-internal:///(app-pages-browser)/./node_modules/.pnpm/next@15.5.19_react-dom@19.2.7_react@19.2.7__react@19.2.7/node_modules/next/dist/client/dev/report-hmr-latency.js:13
[  211656ms] [LOG] [Fast Refresh] rebuilding @ webpack-internal:///(app-pages-browser)/./node_modules/.pnpm/next@15.5.19_react-dom@19.2.7_react@19.2.7__react@19.2.7/node_modules/next/dist/client/dev/hot-reloader/app/hot-reloader-app.js:196
[  212278ms] [LOG] [Fast Refresh] done in 621ms @ webpack-internal:///(app-pages-browser)/./node_modules/.pnpm/next@15.5.19_react-dom@19.2.7_react@19.2.7__react@19.2.7/node_modules/next/dist/client/dev/report-hmr-latency.js:13
[  212283ms] [LOG] [Fast Refresh] rebuilding @ webpack-internal:///(app-pages-browser)/./node_modules/.pnpm/next@15.5.19_react-dom@19.2.7_react@19.2.7__react@19.2.7/node_modules/next/dist/client/dev/hot-reloader/app/hot-reloader-app.js:196
[  212944ms] [LOG] [Fast Refresh] done in 660ms @ webpack-internal:///(app-pages-browser)/./node_modules/.pnpm/next@15.5.19_react-dom@19.2.7_react@19.2.7__react@19.2.7/node_modules/next/dist/client/dev/report-hmr-latency.js:13
[  212949ms] [LOG] [Fast Refresh] rebuilding @ webpack-internal:///(app-pages-browser)/./node_modules/.pnpm/next@15.5.19_react-dom@19.2.7_react@19.2.7__react@19.2.7/node_modules/next/dist/client/dev/hot-reloader/app/hot-reloader-app.js:196
[  213836ms] [LOG] [Fast Refresh] done in 886ms @ webpack-internal:///(app-pages-browser)/./node_modules/.pnpm/next@15.5.19_react-dom@19.2.7_react@19.2.7__react@19.2.7/node_modules/next/dist/client/dev/report-hmr-latency.js:13
[  213850ms] [LOG] [Fast Refresh] rebuilding @ webpack-internal:///(app-pages-browser)/./node_modules/.pnpm/next@15.5.19_react-dom@19.2.7_react@19.2.7__react@19.2.7/node_modules/next/dist/client/dev/hot-reloader/app/hot-reloader-app.js:196
[  214626ms] [LOG] [Fast Refresh] done in 777ms @ webpack-internal:///(app-pages-browser)/./node_modules/.pnpm/next@15.5.19_react-dom@19.2.7_react@19.2.7__react@19.2.7/node_modules/next/dist/client/dev/report-hmr-latency.js:13
[  214634ms] [LOG] [Fast Refresh] rebuilding @ webpack-internal:///(app-pages-browser)/./node_modules/.pnpm/next@15.5.19_react-dom@19.2.7_react@19.2.7__react@19.2.7/node_modules/next/dist/client/dev/hot-reloader/app/hot-reloader-app.js:196
[  215310ms] [LOG] [Fast Refresh] done in 676ms @ webpack-internal:///(app-pages-browser)/./node_modules/.pnpm/next@15.5.19_react-dom@19.2.7_react@19.2.7__react@19.2.7/node_modules/next/dist/client/dev/report-hmr-latency.js:13
[  215321ms] [LOG] [Fast Refresh] rebuilding @ webpack-internal:///(app-pages-browser)/./node_modules/.pnpm/next@15.5.19_react-dom@19.2.7_react@19.2.7__react@19.2.7/node_modules/next/dist/client/dev/hot-reloader/app/hot-reloader-app.js:196
[  216018ms] [LOG] [Fast Refresh] done in 698ms @ webpack-internal:///(app-pages-browser)/./node_modules/.pnpm/next@15.5.19_react-dom@19.2.7_react@19.2.7__react@19.2.7/node_modules/next/dist/client/dev/report-hmr-latency.js:13
[  216025ms] [LOG] [Fast Refresh] rebuilding @ webpack-internal:///(app-pages-browser)/./node_modules/.pnpm/next@15.5.19_react-dom@19.2.7_react@19.2.7__react@19.2.7/node_modules/next/dist/client/dev/hot-reloader/app/hot-reloader-app.js:196
[  216714ms] [LOG] [Fast Refresh] done in 689ms @ webpack-internal:///(app-pages-browser)/./node_modules/.pnpm/next@15.5.19_react-dom@19.2.7_react@19.2.7__react@19.2.7/node_modules/next/dist/client/dev/report-hmr-latency.js:13
[  216720ms] [LOG] [Fast Refresh] rebuilding @ webpack-internal:///(app-pages-browser)/./node_modules/.pnpm/next@15.5.19_react-dom@19.2.7_react@19.2.7__react@19.2.7/node_modules/next/dist/client/dev/hot-reloader/app/hot-reloader-app.js:196
[  217435ms] [LOG] [Fast Refresh] done in 716ms @ webpack-internal:///(app-pages-browser)/./node_modules/.pnpm/next@15.5.19_react-dom@19.2.7_react@19.2.7__react@19.2.7/node_modules/next/dist/client/dev/report-hmr-latency.js:13
[  217440ms] [LOG] [Fast Refresh] rebuilding @ webpack-internal:///(app-pages-browser)/./node_modules/.pnpm/next@15.5.19_react-dom@19.2.7_react@19.2.7__react@19.2.7/node_modules/next/dist/client/dev/hot-reloader/app/hot-reloader-app.js:196
[  218069ms] [LOG] [Fast Refresh] done in 630ms @ webpack-internal:///(app-pages-browser)/./node_modules/.pnpm/next@15.5.19_react-dom@19.2.7_react@19.2.7__react@19.2.7/node_modules/next/dist/client/dev/report-hmr-latency.js:13
[  218075ms] [LOG] [Fast Refresh] rebuilding @ webpack-internal:///(app-pages-browser)/./node_modules/.pnpm/next@15.5.19_react-dom@19.2.7_react@19.2.7__react@19.2.7/node_modules/next/dist/client/dev/hot-reloader/app/hot-reloader-app.js:196
[  218743ms] [LOG] [Fast Refresh] done in 667ms @ webpack-internal:///(app-pages-browser)/./node_modules/.pnpm/next@15.5.19_react-dom@19.2.7_react@19.2.7__react@19.2.7/node_modules/next/dist/client/dev/report-hmr-latency.js:13
[  218748ms] [LOG] [Fast Refresh] rebuilding @ webpack-internal:///(app-pages-browser)/./node_modules/.pnpm/next@15.5.19_react-dom@19.2.7_react@19.2.7__react@19.2.7/node_modules/next/dist/client/dev/hot-reloader/app/hot-reloader-app.js:196
[  219409ms] [LOG] [Fast Refresh] done in 661ms @ webpack-internal:///(app-pages-browser)/./node_modules/.pnpm/next@15.5.19_react-dom@19.2.7_react@19.2.7__react@19.2.7/node_modules/next/dist/client/dev/report-hmr-latency.js:13
[  219415ms] [LOG] [Fast Refresh] rebuilding @ webpack-internal:///(app-pages-browser)/./node_modules/.pnpm/next@15.5.19_react-dom@19.2.7_react@19.2.7__react@19.2.7/node_modules/next/dist/client/dev/hot-reloader/app/hot-reloader-app.js:196
[  220028ms] [LOG] [Fast Refresh] done in 613ms @ webpack-internal:///(app-pages-browser)/./node_modules/.pnpm/next@15.5.19_react-dom@19.2.7_react@19.2.7__react@19.2.7/node_modules/next/dist/client/dev/report-hmr-latency.js:13
[  220033ms] [LOG] [Fast Refresh] rebuilding @ webpack-internal:///(app-pages-browser)/./node_modules/.pnpm/next@15.5.19_react-dom@19.2.7_react@19.2.7__react@19.2.7/node_modules/next/dist/client/dev/hot-reloader/app/hot-reloader-app.js:196
[  220631ms] [LOG] [Fast Refresh] done in 597ms @ webpack-internal:///(app-pages-browser)/./node_modules/.pnpm/next@15.5.19_react-dom@19.2.7_react@19.2.7__react@19.2.7/node_modules/next/dist/client/dev/report-hmr-latency.js:13
[  220638ms] [LOG] [Fast Refresh] rebuilding @ webpack-internal:///(app-pages-browser)/./node_modules/.pnpm/next@15.5.19_react-dom@19.2.7_react@19.2.7__react@19.2.7/node_modules/next/dist/client/dev/hot-reloader/app/hot-reloader-app.js:196
[  221300ms] [LOG] [Fast Refresh] done in 662ms @ webpack-internal:///(app-pages-browser)/./node_modules/.pnpm/next@15.5.19_react-dom@19.2.7_react@19.2.7__react@19.2.7/node_modules/next/dist/client/dev/report-hmr-latency.js:13
[  221304ms] [LOG] [Fast Refresh] rebuilding @ webpack-internal:///(app-pages-browser)/./node_modules/.pnpm/next@15.5.19_react-dom@19.2.7_react@19.2.7__react@19.2.7/node_modules/next/dist/client/dev/hot-reloader/app/hot-reloader-app.js:196
[  221942ms] [LOG] [Fast Refresh] done in 637ms @ webpack-internal:///(app-pages-browser)/./node_modules/.pnpm/next@15.5.19_react-dom@19.2.7_react@19.2.7__react@19.2.7/node_modules/next/dist/client/dev/report-hmr-latency.js:13
[  221948ms] [LOG] [Fast Refresh] rebuilding @ webpack-internal:///(app-pages-browser)/./node_modules/.pnpm/next@15.5.19_react-dom@19.2.7_react@19.2.7__react@19.2.7/node_modules/next/dist/client/dev/hot-reloader/app/hot-reloader-app.js:196
[  222642ms] [LOG] [Fast Refresh] done in 695ms @ webpack-internal:///(app-pages-browser)/./node_modules/.pnpm/next@15.5.19_react-dom@19.2.7_react@19.2.7__react@19.2.7/node_modules/next/dist/client/dev/report-hmr-latency.js:13
[  222648ms] [LOG] [Fast Refresh] rebuilding @ webpack-internal:///(app-pages-browser)/./node_modules/.pnpm/next@15.5.19_react-dom@19.2.7_react@19.2.7__react@19.2.7/node_modules/next/dist/client/dev/hot-reloader/app/hot-reloader-app.js:196
[  223324ms] [LOG] [Fast Refresh] done in 675ms @ webpack-internal:///(app-pages-browser)/./node_modules/.pnpm/next@15.5.19_react-dom@19.2.7_react@19.2.7__react@19.2.7/node_modules/next/dist/client/dev/report-hmr-latency.js:13
[  223330ms] [LOG] [Fast Refresh] rebuilding @ webpack-internal:///(app-pages-browser)/./node_modules/.pnpm/next@15.5.19_react-dom@19.2.7_react@19.2.7__react@19.2.7/node_modules/next/dist/client/dev/hot-reloader/app/hot-reloader-app.js:196
[  223993ms] [LOG] [Fast Refresh] done in 664ms @ webpack-internal:///(app-pages-browser)/./node_modules/.pnpm/next@15.5.19_react-dom@19.2.7_react@19.2.7__react@19.2.7/node_modules/next/dist/client/dev/report-hmr-latency.js:13
[  223998ms] [LOG] [Fast Refresh] rebuilding @ webpack-internal:///(app-pages-browser)/./node_modules/.pnpm/next@15.5.19_react-dom@19.2.7_react@19.2.7__react@19.2.7/node_modules/next/dist/client/dev/hot-reloader/app/hot-reloader-app.js:196
[  224666ms] [LOG] [Fast Refresh] done in 667ms @ webpack-internal:///(app-pages-browser)/./node_modules/.pnpm/next@15.5.19_react-dom@19.2.7_react@19.2.7__react@19.2.7/node_modules/next/dist/client/dev/report-hmr-latency.js:13
[  224672ms] [LOG] [Fast Refresh] rebuilding @ webpack-internal:///(app-pages-browser)/./node_modules/.pnpm/next@15.5.19_react-dom@19.2.7_react@19.2.7__react@19.2.7/node_modules/next/dist/client/dev/hot-reloader/app/hot-reloader-app.js:196
[  225735ms] [LOG] [Fast Refresh] done in 1063ms @ webpack-internal:///(app-pages-browser)/./node_modules/.pnpm/next@15.5.19_react-dom@19.2.7_react@19.2.7__react@19.2.7/node_modules/next/dist/client/dev/report-hmr-latency.js:13
[  225738ms] [LOG] [Fast Refresh] rebuilding @ webpack-internal:///(app-pages-browser)/./node_modules/.pnpm/next@15.5.19_react-dom@19.2.7_react@19.2.7__react@19.2.7/node_modules/next/dist/client/dev/hot-reloader/app/hot-reloader-app.js:196
[  226385ms] [LOG] [Fast Refresh] done in 646ms @ webpack-internal:///(app-pages-browser)/./node_modules/.pnpm/next@15.5.19_react-dom@19.2.7_react@19.2.7__react@19.2.7/node_modules/next/dist/client/dev/report-hmr-latency.js:13
[  226392ms] [LOG] [Fast Refresh] rebuilding @ webpack-internal:///(app-pages-browser)/./node_modules/.pnpm/next@15.5.19_react-dom@19.2.7_react@19.2.7__react@19.2.7/node_modules/next/dist/client/dev/hot-reloader/app/hot-reloader-app.js:196
[  227170ms] [LOG] [Fast Refresh] done in 778ms @ webpack-internal:///(app-pages-browser)/./node_modules/.pnpm/next@15.5.19_react-dom@19.2.7_react@19.2.7__react@19.2.7/node_modules/next/dist/client/dev/report-hmr-latency.js:13
[  227175ms] [LOG] [Fast Refresh] rebuilding @ webpack-internal:///(app-pages-browser)/./node_modules/.pnpm/next@15.5.19_react-dom@19.2.7_react@19.2.7__react@19.2.7/node_modules/next/dist/client/dev/hot-reloader/app/hot-reloader-app.js:196
[  227882ms] [LOG] [Fast Refresh] done in 707ms @ webpack-internal:///(app-pages-browser)/./node_modules/.pnpm/next@15.5.19_react-dom@19.2.7_react@19.2.7__react@19.2.7/node_modules/next/dist/client/dev/report-hmr-latency.js:13
[  227887ms] [LOG] [Fast Refresh] rebuilding @ webpack-internal:///(app-pages-browser)/./node_modules/.pnpm/next@15.5.19_react-dom@19.2.7_react@19.2.7__react@19.2.7/node_modules/next/dist/client/dev/hot-reloader/app/hot-reloader-app.js:196
[  228665ms] [LOG] [Fast Refresh] done in 778ms @ webpack-internal:///(app-pages-browser)/./node_modules/.pnpm/next@15.5.19_react-dom@19.2.7_react@19.2.7__react@19.2.7/node_modules/next/dist/client/dev/report-hmr-latency.js:13
[  228670ms] [LOG] [Fast Refresh] rebuilding @ webpack-internal:///(app-pages-browser)/./node_modules/.pnpm/next@15.5.19_react-dom@19.2.7_react@19.2.7__react@19.2.7/node_modules/next/dist/client/dev/hot-reloader/app/hot-reloader-app.js:196
[  229318ms] [LOG] [Fast Refresh] done in 647ms @ webpack-internal:///(app-pages-browser)/./node_modules/.pnpm/next@15.5.19_react-dom@19.2.7_react@19.2.7__react@19.2.7/node_modules/next/dist/client/dev/report-hmr-latency.js:13
[  229323ms] [LOG] [Fast Refresh] rebuilding @ webpack-internal:///(app-pages-browser)/./node_modules/.pnpm/next@15.5.19_react-dom@19.2.7_react@19.2.7__react@19.2.7/node_modules/next/dist/client/dev/hot-reloader/app/hot-reloader-app.js:196
[  229830ms] [LOG] [Fast Refresh] done in 508ms @ webpack-internal:///(app-pages-browser)/./node_modules/.pnpm/next@15.5.19_react-dom@19.2.7_react@19.2.7__react@19.2.7/node_modules/next/dist/client/dev/report-hmr-latency.js:13
[  229835ms] [LOG] [Fast Refresh] rebuilding @ webpack-internal:///(app-pages-browser)/./node_modules/.pnpm/next@15.5.19_react-dom@19.2.7_react@19.2.7__react@19.2.7/node_modules/next/dist/client/dev/hot-reloader/app/hot-reloader-app.js:196
[  230497ms] [LOG] [Fast Refresh] done in 663ms @ webpack-internal:///(app-pages-browser)/./node_modules/.pnpm/next@15.5.19_react-dom@19.2.7_react@19.2.7__react@19.2.7/node_modules/next/dist/client/dev/report-hmr-latency.js:13
[  230503ms] [LOG] [Fast Refresh] rebuilding @ webpack-internal:///(app-pages-browser)/./node_modules/.pnpm/next@15.5.19_react-dom@19.2.7_react@19.2.7__react@19.2.7/node_modules/next/dist/client/dev/hot-reloader/app/hot-reloader-app.js:196
[  231177ms] [LOG] [Fast Refresh] done in 673ms @ webpack-internal:///(app-pages-browser)/./node_modules/.pnpm/next@15.5.19_react-dom@19.2.7_react@19.2.7__react@19.2.7/node_modules/next/dist/client/dev/report-hmr-latency.js:13
[  231185ms] [LOG] [Fast Refresh] rebuilding @ webpack-internal:///(app-pages-browser)/./node_modules/.pnpm/next@15.5.19_react-dom@19.2.7_react@19.2.7__react@19.2.7/node_modules/next/dist/client/dev/hot-reloader/app/hot-reloader-app.js:196
[  231844ms] [LOG] [Fast Refresh] done in 659ms @ webpack-internal:///(app-pages-browser)/./node_modules/.pnpm/next@15.5.19_react-dom@19.2.7_react@19.2.7__react@19.2.7/node_modules/next/dist/client/dev/report-hmr-latency.js:13
[  231851ms] [LOG] [Fast Refresh] rebuilding @ webpack-internal:///(app-pages-browser)/./node_modules/.pnpm/next@15.5.19_react-dom@19.2.7_react@19.2.7__react@19.2.7/node_modules/next/dist/client/dev/hot-reloader/app/hot-reloader-app.js:196
[  232521ms] [LOG] [Fast Refresh] done in 670ms @ webpack-internal:///(app-pages-browser)/./node_modules/.pnpm/next@15.5.19_react-dom@19.2.7_react@19.2.7__react@19.2.7/node_modules/next/dist/client/dev/report-hmr-latency.js:13
[  232525ms] [LOG] [Fast Refresh] rebuilding @ webpack-internal:///(app-pages-browser)/./node_modules/.pnpm/next@15.5.19_react-dom@19.2.7_react@19.2.7__react@19.2.7/node_modules/next/dist/client/dev/hot-reloader/app/hot-reloader-app.js:196
[  233231ms] [LOG] [Fast Refresh] done in 707ms @ webpack-internal:///(app-pages-browser)/./node_modules/.pnpm/next@15.5.19_react-dom@19.2.7_react@19.2.7__react@19.2.7/node_modules/next/dist/client/dev/report-hmr-latency.js:13
[  233237ms] [LOG] [Fast Refresh] rebuilding @ webpack-internal:///(app-pages-browser)/./node_modules/.pnpm/next@15.5.19_react-dom@19.2.7_react@19.2.7__react@19.2.7/node_modules/next/dist/client/dev/hot-reloader/app/hot-reloader-app.js:196
[  234075ms] [LOG] [Fast Refresh] done in 838ms @ webpack-internal:///(app-pages-browser)/./node_modules/.pnpm/next@15.5.19_react-dom@19.2.7_react@19.2.7__react@19.2.7/node_modules/next/dist/client/dev/report-hmr-latency.js:13
[  234081ms] [LOG] [Fast Refresh] rebuilding @ webpack-internal:///(app-pages-browser)/./node_modules/.pnpm/next@15.5.19_react-dom@19.2.7_react@19.2.7__react@19.2.7/node_modules/next/dist/client/dev/hot-reloader/app/hot-reloader-app.js:196
[  234786ms] [LOG] [Fast Refresh] done in 705ms @ webpack-internal:///(app-pages-browser)/./node_modules/.pnpm/next@15.5.19_react-dom@19.2.7_react@19.2.7__react@19.2.7/node_modules/next/dist/client/dev/report-hmr-latency.js:13
[  234790ms] [LOG] [Fast Refresh] rebuilding @ webpack-internal:///(app-pages-browser)/./node_modules/.pnpm/next@15.5.19_react-dom@19.2.7_react@19.2.7__react@19.2.7/node_modules/next/dist/client/dev/hot-reloader/app/hot-reloader-app.js:196
[  235537ms] [LOG] [Fast Refresh] done in 747ms @ webpack-internal:///(app-pages-browser)/./node_modules/.pnpm/next@15.5.19_react-dom@19.2.7_react@19.2.7__react@19.2.7/node_modules/next/dist/client/dev/report-hmr-latency.js:13
[  235542ms] [LOG] [Fast Refresh] rebuilding @ webpack-internal:///(app-pages-browser)/./node_modules/.pnpm/next@15.5.19_react-dom@19.2.7_react@19.2.7__react@19.2.7/node_modules/next/dist/client/dev/hot-reloader/app/hot-reloader-app.js:196
[  236259ms] [LOG] [Fast Refresh] done in 717ms @ webpack-internal:///(app-pages-browser)/./node_modules/.pnpm/next@15.5.19_react-dom@19.2.7_react@19.2.7__react@19.2.7/node_modules/next/dist/client/dev/report-hmr-latency.js:13
[  236264ms] [LOG] [Fast Refresh] rebuilding @ webpack-internal:///(app-pages-browser)/./node_modules/.pnpm/next@15.5.19_react-dom@19.2.7_react@19.2.7__react@19.2.7/node_modules/next/dist/client/dev/hot-reloader/app/hot-reloader-app.js:196
[  236986ms] [LOG] [Fast Refresh] done in 723ms @ webpack-internal:///(app-pages-browser)/./node_modules/.pnpm/next@15.5.19_react-dom@19.2.7_react@19.2.7__react@19.2.7/node_modules/next/dist/client/dev/report-hmr-latency.js:13
[  236994ms] [LOG] [Fast Refresh] rebuilding @ webpack-internal:///(app-pages-browser)/./node_modules/.pnpm/next@15.5.19_react-dom@19.2.7_react@19.2.7__react@19.2.7/node_modules/next/dist/client/dev/hot-reloader/app/hot-reloader-app.js:196
[  237724ms] [LOG] [Fast Refresh] done in 729ms @ webpack-internal:///(app-pages-browser)/./node_modules/.pnpm/next@15.5.19_react-dom@19.2.7_react@19.2.7__react@19.2.7/node_modules/next/dist/client/dev/report-hmr-latency.js:13
[  237729ms] [LOG] [Fast Refresh] rebuilding @ webpack-internal:///(app-pages-browser)/./node_modules/.pnpm/next@15.5.19_react-dom@19.2.7_react@19.2.7__react@19.2.7/node_modules/next/dist/client/dev/hot-reloader/app/hot-reloader-app.js:196
[  238450ms] [LOG] [Fast Refresh] done in 722ms @ webpack-internal:///(app-pages-browser)/./node_modules/.pnpm/next@15.5.19_react-dom@19.2.7_react@19.2.7__react@19.2.7/node_modules/next/dist/client/dev/report-hmr-latency.js:13
[  238456ms] [LOG] [Fast Refresh] rebuilding @ webpack-internal:///(app-pages-browser)/./node_modules/.pnpm/next@15.5.19_react-dom@19.2.7_react@19.2.7__react@19.2.7/node_modules/next/dist/client/dev/hot-reloader/app/hot-reloader-app.js:196
[  239298ms] [LOG] [Fast Refresh] done in 843ms @ webpack-internal:///(app-pages-browser)/./node_modules/.pnpm/next@15.5.19_react-dom@19.2.7_react@19.2.7__react@19.2.7/node_modules/next/dist/client/dev/report-hmr-latency.js:13
[  239308ms] [LOG] [Fast Refresh] rebuilding @ webpack-internal:///(app-pages-browser)/./node_modules/.pnpm/next@15.5.19_react-dom@19.2.7_react@19.2.7__react@19.2.7/node_modules/next/dist/client/dev/hot-reloader/app/hot-reloader-app.js:196
[  240467ms] [LOG] [Fast Refresh] done in 1159ms @ webpack-internal:///(app-pages-browser)/./node_modules/.pnpm/next@15.5.19_react-dom@19.2.7_react@19.2.7__react@19.2.7/node_modules/next/dist/client/dev/report-hmr-latency.js:13
[  240472ms] [LOG] [Fast Refresh] rebuilding @ webpack-internal:///(app-pages-browser)/./node_modules/.pnpm/next@15.5.19_react-dom@19.2.7_react@19.2.7__react@19.2.7/node_modules/next/dist/client/dev/hot-reloader/app/hot-reloader-app.js:196
[  241329ms] [LOG] [Fast Refresh] done in 858ms @ webpack-internal:///(app-pages-browser)/./node_modules/.pnpm/next@15.5.19_react-dom@19.2.7_react@19.2.7__react@19.2.7/node_modules/next/dist/client/dev/report-hmr-latency.js:13
[  241335ms] [LOG] [Fast Refresh] rebuilding @ webpack-internal:///(app-pages-browser)/./node_modules/.pnpm/next@15.5.19_react-dom@19.2.7_react@19.2.7__react@19.2.7/node_modules/next/dist/client/dev/hot-reloader/app/hot-reloader-app.js:196
[  242059ms] [LOG] [Fast Refresh] done in 724ms @ webpack-internal:///(app-pages-browser)/./node_modules/.pnpm/next@15.5.19_react-dom@19.2.7_react@19.2.7__react@19.2.7/node_modules/next/dist/client/dev/report-hmr-latency.js:13
[  242065ms] [LOG] [Fast Refresh] rebuilding @ webpack-internal:///(app-pages-browser)/./node_modules/.pnpm/next@15.5.19_react-dom@19.2.7_react@19.2.7__react@19.2.7/node_modules/next/dist/client/dev/hot-reloader/app/hot-reloader-app.js:196
[  242785ms] [LOG] [Fast Refresh] done in 720ms @ webpack-internal:///(app-pages-browser)/./node_modules/.pnpm/next@15.5.19_react-dom@19.2.7_react@19.2.7__react@19.2.7/node_modules/next/dist/client/dev/report-hmr-latency.js:13
[  242789ms] [LOG] [Fast Refresh] rebuilding @ webpack-internal:///(app-pages-browser)/./node_modules/.pnpm/next@15.5.19_react-dom@19.2.7_react@19.2.7__react@19.2.7/node_modules/next/dist/client/dev/hot-reloader/app/hot-reloader-app.js:196
[  243647ms] [LOG] [Fast Refresh] done in 859ms @ webpack-internal:///(app-pages-browser)/./node_modules/.pnpm/next@15.5.19_react-dom@19.2.7_react@19.2.7__react@19.2.7/node_modules/next/dist/client/dev/report-hmr-latency.js:13
[  243652ms] [LOG] [Fast Refresh] rebuilding @ webpack-internal:///(app-pages-browser)/./node_modules/.pnpm/next@15.5.19_react-dom@19.2.7_react@19.2.7__react@19.2.7/node_modules/next/dist/client/dev/hot-reloader/app/hot-reloader-app.js:196
[  244397ms] [LOG] [Fast Refresh] done in 744ms @ webpack-internal:///(app-pages-browser)/./node_modules/.pnpm/next@15.5.19_react-dom@19.2.7_react@19.2.7__react@19.2.7/node_modules/next/dist/client/dev/report-hmr-latency.js:13
[  244402ms] [LOG] [Fast Refresh] rebuilding @ webpack-internal:///(app-pages-browser)/./node_modules/.pnpm/next@15.5.19_react-dom@19.2.7_react@19.2.7__react@19.2.7/node_modules/next/dist/client/dev/hot-reloader/app/hot-reloader-app.js:196
[  245350ms] [LOG] [Fast Refresh] done in 948ms @ webpack-internal:///(app-pages-browser)/./node_modules/.pnpm/next@15.5.19_react-dom@19.2.7_react@19.2.7__react@19.2.7/node_modules/next/dist/client/dev/report-hmr-latency.js:13
[  245354ms] [LOG] [Fast Refresh] rebuilding @ webpack-internal:///(app-pages-browser)/./node_modules/.pnpm/next@15.5.19_react-dom@19.2.7_react@19.2.7__react@19.2.7/node_modules/next/dist/client/dev/hot-reloader/app/hot-reloader-app.js:196
[  246148ms] [LOG] [Fast Refresh] done in 795ms @ webpack-internal:///(app-pages-browser)/./node_modules/.pnpm/next@15.5.19_react-dom@19.2.7_react@19.2.7__react@19.2.7/node_modules/next/dist/client/dev/report-hmr-latency.js:13
[  246153ms] [LOG] [Fast Refresh] rebuilding @ webpack-internal:///(app-pages-browser)/./node_modules/.pnpm/next@15.5.19_react-dom@19.2.7_react@19.2.7__react@19.2.7/node_modules/next/dist/client/dev/hot-reloader/app/hot-reloader-app.js:196
[  246872ms] [LOG] [Fast Refresh] done in 720ms @ webpack-internal:///(app-pages-browser)/./node_modules/.pnpm/next@15.5.19_react-dom@19.2.7_react@19.2.7__react@19.2.7/node_modules/next/dist/client/dev/report-hmr-latency.js:13
[  246879ms] [LOG] [Fast Refresh] rebuilding @ webpack-internal:///(app-pages-browser)/./node_modules/.pnpm/next@15.5.19_react-dom@19.2.7_react@19.2.7__react@19.2.7/node_modules/next/dist/client/dev/hot-reloader/app/hot-reloader-app.js:196
[  247536ms] [LOG] [Fast Refresh] done in 657ms @ webpack-internal:///(app-pages-browser)/./node_modules/.pnpm/next@15.5.19_react-dom@19.2.7_react@19.2.7__react@19.2.7/node_modules/next/dist/client/dev/report-hmr-latency.js:13
[  247541ms] [LOG] [Fast Refresh] rebuilding @ webpack-internal:///(app-pages-browser)/./node_modules/.pnpm/next@15.5.19_react-dom@19.2.7_react@19.2.7__react@19.2.7/node_modules/next/dist/client/dev/hot-reloader/app/hot-reloader-app.js:196
[  248207ms] [LOG] [Fast Refresh] done in 666ms @ webpack-internal:///(app-pages-browser)/./node_modules/.pnpm/next@15.5.19_react-dom@19.2.7_react@19.2.7__react@19.2.7/node_modules/next/dist/client/dev/report-hmr-latency.js:13
[  248215ms] [LOG] [Fast Refresh] rebuilding @ webpack-internal:///(app-pages-browser)/./node_modules/.pnpm/next@15.5.19_react-dom@19.2.7_react@19.2.7__react@19.2.7/node_modules/next/dist/client/dev/hot-reloader/app/hot-reloader-app.js:196
[  248837ms] [LOG] [Fast Refresh] done in 622ms @ webpack-internal:///(app-pages-browser)/./node_modules/.pnpm/next@15.5.19_react-dom@19.2.7_react@19.2.7__react@19.2.7/node_modules/next/dist/client/dev/report-hmr-latency.js:13
[  248841ms] [LOG] [Fast Refresh] rebuilding @ webpack-internal:///(app-pages-browser)/./node_modules/.pnpm/next@15.5.19_react-dom@19.2.7_react@19.2.7__react@19.2.7/node_modules/next/dist/client/dev/hot-reloader/app/hot-reloader-app.js:196
[  249487ms] [LOG] [Fast Refresh] done in 647ms @ webpack-internal:///(app-pages-browser)/./node_modules/.pnpm/next@15.5.19_react-dom@19.2.7_react@19.2.7__react@19.2.7/node_modules/next/dist/client/dev/report-hmr-latency.js:13
[  249492ms] [LOG] [Fast Refresh] rebuilding @ webpack-internal:///(app-pages-browser)/./node_modules/.pnpm/next@15.5.19_react-dom@19.2.7_react@19.2.7__react@19.2.7/node_modules/next/dist/client/dev/hot-reloader/app/hot-reloader-app.js:196
[  250119ms] [LOG] [Fast Refresh] done in 627ms @ webpack-internal:///(app-pages-browser)/./node_modules/.pnpm/next@15.5.19_react-dom@19.2.7_react@19.2.7__react@19.2.7/node_modules/next/dist/client/dev/report-hmr-latency.js:13
[  250123ms] [LOG] [Fast Refresh] rebuilding @ webpack-internal:///(app-pages-browser)/./node_modules/.pnpm/next@15.5.19_react-dom@19.2.7_react@19.2.7__react@19.2.7/node_modules/next/dist/client/dev/hot-reloader/app/hot-reloader-app.js:196
[  250754ms] [LOG] [Fast Refresh] done in 631ms @ webpack-internal:///(app-pages-browser)/./node_modules/.pnpm/next@15.5.19_react-dom@19.2.7_react@19.2.7__react@19.2.7/node_modules/next/dist/client/dev/report-hmr-latency.js:13
[  250757ms] [LOG] [Fast Refresh] rebuilding @ webpack-internal:///(app-pages-browser)/./node_modules/.pnpm/next@15.5.19_react-dom@19.2.7_react@19.2.7__react@19.2.7/node_modules/next/dist/client/dev/hot-reloader/app/hot-reloader-app.js:196
[  251397ms] [LOG] [Fast Refresh] done in 639ms @ webpack-internal:///(app-pages-browser)/./node_modules/.pnpm/next@15.5.19_react-dom@19.2.7_react@19.2.7__react@19.2.7/node_modules/next/dist/client/dev/report-hmr-latency.js:13
[  251401ms] [LOG] [Fast Refresh] rebuilding @ webpack-internal:///(app-pages-browser)/./node_modules/.pnpm/next@15.5.19_react-dom@19.2.7_react@19.2.7__react@19.2.7/node_modules/next/dist/client/dev/hot-reloader/app/hot-reloader-app.js:196
[  252009ms] [LOG] [Fast Refresh] done in 607ms @ webpack-internal:///(app-pages-browser)/./node_modules/.pnpm/next@15.5.19_react-dom@19.2.7_react@19.2.7__react@19.2.7/node_modules/next/dist/client/dev/report-hmr-latency.js:13
[  252016ms] [LOG] [Fast Refresh] rebuilding @ webpack-internal:///(app-pages-browser)/./node_modules/.pnpm/next@15.5.19_react-dom@19.2.7_react@19.2.7__react@19.2.7/node_modules/next/dist/client/dev/hot-reloader/app/hot-reloader-app.js:196
[  252652ms] [LOG] [Fast Refresh] done in 637ms @ webpack-internal:///(app-pages-browser)/./node_modules/.pnpm/next@15.5.19_react-dom@19.2.7_react@19.2.7__react@19.2.7/node_modules/next/dist/client/dev/report-hmr-latency.js:13
[  252656ms] [LOG] [Fast Refresh] rebuilding @ webpack-internal:///(app-pages-browser)/./node_modules/.pnpm/next@15.5.19_react-dom@19.2.7_react@19.2.7__react@19.2.7/node_modules/next/dist/client/dev/hot-reloader/app/hot-reloader-app.js:196
[  253287ms] [LOG] [Fast Refresh] done in 630ms @ webpack-internal:///(app-pages-browser)/./node_modules/.pnpm/next@15.5.19_react-dom@19.2.7_react@19.2.7__react@19.2.7/node_modules/next/dist/client/dev/report-hmr-latency.js:13
[  253291ms] [LOG] [Fast Refresh] rebuilding @ webpack-internal:///(app-pages-browser)/./node_modules/.pnpm/next@15.5.19_react-dom@19.2.7_react@19.2.7__react@19.2.7/node_modules/next/dist/client/dev/hot-reloader/app/hot-reloader-app.js:196
[  253949ms] [LOG] [Fast Refresh] done in 658ms @ webpack-internal:///(app-pages-browser)/./node_modules/.pnpm/next@15.5.19_react-dom@19.2.7_react@19.2.7__react@19.2.7/node_modules/next/dist/client/dev/report-hmr-latency.js:13
[  253954ms] [LOG] [Fast Refresh] rebuilding @ webpack-internal:///(app-pages-browser)/./node_modules/.pnpm/next@15.5.19_react-dom@19.2.7_react@19.2.7__react@19.2.7/node_modules/next/dist/client/dev/hot-reloader/app/hot-reloader-app.js:196
[  255013ms] [LOG] [Fast Refresh] done in 1059ms @ webpack-internal:///(app-pages-browser)/./node_modules/.pnpm/next@15.5.19_react-dom@19.2.7_react@19.2.7__react@19.2.7/node_modules/next/dist/client/dev/report-hmr-latency.js:13
[  255017ms] [LOG] [Fast Refresh] rebuilding @ webpack-internal:///(app-pages-browser)/./node_modules/.pnpm/next@15.5.19_react-dom@19.2.7_react@19.2.7__react@19.2.7/node_modules/next/dist/client/dev/hot-reloader/app/hot-reloader-app.js:196
[  255783ms] [LOG] [Fast Refresh] done in 765ms @ webpack-internal:///(app-pages-browser)/./node_modules/.pnpm/next@15.5.19_react-dom@19.2.7_react@19.2.7__react@19.2.7/node_modules/next/dist/client/dev/report-hmr-latency.js:13
[  255788ms] [LOG] [Fast Refresh] rebuilding @ webpack-internal:///(app-pages-browser)/./node_modules/.pnpm/next@15.5.19_react-dom@19.2.7_react@19.2.7__react@19.2.7/node_modules/next/dist/client/dev/hot-reloader/app/hot-reloader-app.js:196
[  256381ms] [LOG] [Fast Refresh] done in 593ms @ webpack-internal:///(app-pages-browser)/./node_modules/.pnpm/next@15.5.19_react-dom@19.2.7_react@19.2.7__react@19.2.7/node_modules/next/dist/client/dev/report-hmr-latency.js:13
[  256385ms] [LOG] [Fast Refresh] rebuilding @ webpack-internal:///(app-pages-browser)/./node_modules/.pnpm/next@15.5.19_react-dom@19.2.7_react@19.2.7__react@19.2.7/node_modules/next/dist/client/dev/hot-reloader/app/hot-reloader-app.js:196
[  257069ms] [LOG] [Fast Refresh] done in 685ms @ webpack-internal:///(app-pages-browser)/./node_modules/.pnpm/next@15.5.19_react-dom@19.2.7_react@19.2.7__react@19.2.7/node_modules/next/dist/client/dev/report-hmr-latency.js:13
[  257073ms] [LOG] [Fast Refresh] rebuilding @ webpack-internal:///(app-pages-browser)/./node_modules/.pnpm/next@15.5.19_react-dom@19.2.7_react@19.2.7__react@19.2.7/node_modules/next/dist/client/dev/hot-reloader/app/hot-reloader-app.js:196
[  257706ms] [LOG] [Fast Refresh] done in 633ms @ webpack-internal:///(app-pages-browser)/./node_modules/.pnpm/next@15.5.19_react-dom@19.2.7_react@19.2.7__react@19.2.7/node_modules/next/dist/client/dev/report-hmr-latency.js:13
[  257711ms] [LOG] [Fast Refresh] rebuilding @ webpack-internal:///(app-pages-browser)/./node_modules/.pnpm/next@15.5.19_react-dom@19.2.7_react@19.2.7__react@19.2.7/node_modules/next/dist/client/dev/hot-reloader/app/hot-reloader-app.js:196
[  258408ms] [LOG] [Fast Refresh] done in 698ms @ webpack-internal:///(app-pages-browser)/./node_modules/.pnpm/next@15.5.19_react-dom@19.2.7_react@19.2.7__react@19.2.7/node_modules/next/dist/client/dev/report-hmr-latency.js:13
[  258414ms] [LOG] [Fast Refresh] rebuilding @ webpack-internal:///(app-pages-browser)/./node_modules/.pnpm/next@15.5.19_react-dom@19.2.7_react@19.2.7__react@19.2.7/node_modules/next/dist/client/dev/hot-reloader/app/hot-reloader-app.js:196
[  259006ms] [LOG] [Fast Refresh] done in 591ms @ webpack-internal:///(app-pages-browser)/./node_modules/.pnpm/next@15.5.19_react-dom@19.2.7_react@19.2.7__react@19.2.7/node_modules/next/dist/client/dev/report-hmr-latency.js:13
[  259010ms] [LOG] [Fast Refresh] rebuilding @ webpack-internal:///(app-pages-browser)/./node_modules/.pnpm/next@15.5.19_react-dom@19.2.7_react@19.2.7__react@19.2.7/node_modules/next/dist/client/dev/hot-reloader/app/hot-reloader-app.js:196
[  259818ms] [LOG] [Fast Refresh] done in 808ms @ webpack-internal:///(app-pages-browser)/./node_modules/.pnpm/next@15.5.19_react-dom@19.2.7_react@19.2.7__react@19.2.7/node_modules/next/dist/client/dev/report-hmr-latency.js:13
[  259824ms] [LOG] [Fast Refresh] rebuilding @ webpack-internal:///(app-pages-browser)/./node_modules/.pnpm/next@15.5.19_react-dom@19.2.7_react@19.2.7__react@19.2.7/node_modules/next/dist/client/dev/hot-reloader/app/hot-reloader-app.js:196
[  260435ms] [LOG] [Fast Refresh] done in 611ms @ webpack-internal:///(app-pages-browser)/./node_modules/.pnpm/next@15.5.19_react-dom@19.2.7_react@19.2.7__react@19.2.7/node_modules/next/dist/client/dev/report-hmr-latency.js:13
[  260440ms] [LOG] [Fast Refresh] rebuilding @ webpack-internal:///(app-pages-browser)/./node_modules/.pnpm/next@15.5.19_react-dom@19.2.7_react@19.2.7__react@19.2.7/node_modules/next/dist/client/dev/hot-reloader/app/hot-reloader-app.js:196
[  261039ms] [LOG] [Fast Refresh] done in 598ms @ webpack-internal:///(app-pages-browser)/./node_modules/.pnpm/next@15.5.19_react-dom@19.2.7_react@19.2.7__react@19.2.7/node_modules/next/dist/client/dev/report-hmr-latency.js:13
[  261091ms] [LOG] [Fast Refresh] rebuilding @ webpack-internal:///(app-pages-browser)/./node_modules/.pnpm/next@15.5.19_react-dom@19.2.7_react@19.2.7__react@19.2.7/node_modules/next/dist/client/dev/hot-reloader/app/hot-reloader-app.js:196
[  261741ms] [LOG] [Fast Refresh] done in 650ms @ webpack-internal:///(app-pages-browser)/./node_modules/.pnpm/next@15.5.19_react-dom@19.2.7_react@19.2.7__react@19.2.7/node_modules/next/dist/client/dev/report-hmr-latency.js:13
[  261746ms] [LOG] [Fast Refresh] rebuilding @ webpack-internal:///(app-pages-browser)/./node_modules/.pnpm/next@15.5.19_react-dom@19.2.7_react@19.2.7__react@19.2.7/node_modules/next/dist/client/dev/hot-reloader/app/hot-reloader-app.js:196
[  262408ms] [LOG] [Fast Refresh] done in 661ms @ webpack-internal:///(app-pages-browser)/./node_modules/.pnpm/next@15.5.19_react-dom@19.2.7_react@19.2.7__react@19.2.7/node_modules/next/dist/client/dev/report-hmr-latency.js:13
[  262413ms] [LOG] [Fast Refresh] rebuilding @ webpack-internal:///(app-pages-browser)/./node_modules/.pnpm/next@15.5.19_react-dom@19.2.7_react@19.2.7__react@19.2.7/node_modules/next/dist/client/dev/hot-reloader/app/hot-reloader-app.js:196
[  263045ms] [LOG] [Fast Refresh] done in 632ms @ webpack-internal:///(app-pages-browser)/./node_modules/.pnpm/next@15.5.19_react-dom@19.2.7_react@19.2.7__react@19.2.7/node_modules/next/dist/client/dev/report-hmr-latency.js:13
[  263049ms] [LOG] [Fast Refresh] rebuilding @ webpack-internal:///(app-pages-browser)/./node_modules/.pnpm/next@15.5.19_react-dom@19.2.7_react@19.2.7__react@19.2.7/node_modules/next/dist/client/dev/hot-reloader/app/hot-reloader-app.js:196
[  263708ms] [LOG] [Fast Refresh] done in 659ms @ webpack-internal:///(app-pages-browser)/./node_modules/.pnpm/next@15.5.19_react-dom@19.2.7_react@19.2.7__react@19.2.7/node_modules/next/dist/client/dev/report-hmr-latency.js:13
[  263715ms] [LOG] [Fast Refresh] rebuilding @ webpack-internal:///(app-pages-browser)/./node_modules/.pnpm/next@15.5.19_react-dom@19.2.7_react@19.2.7__react@19.2.7/node_modules/next/dist/client/dev/hot-reloader/app/hot-reloader-app.js:196
[  264327ms] [LOG] [Fast Refresh] done in 611ms @ webpack-internal:///(app-pages-browser)/./node_modules/.pnpm/next@15.5.19_react-dom@19.2.7_react@19.2.7__react@19.2.7/node_modules/next/dist/client/dev/report-hmr-latency.js:13
[  264334ms] [LOG] [Fast Refresh] rebuilding @ webpack-internal:///(app-pages-browser)/./node_modules/.pnpm/next@15.5.19_react-dom@19.2.7_react@19.2.7__react@19.2.7/node_modules/next/dist/client/dev/hot-reloader/app/hot-reloader-app.js:196
[  265019ms] [LOG] [Fast Refresh] done in 685ms @ webpack-internal:///(app-pages-browser)/./node_modules/.pnpm/next@15.5.19_react-dom@19.2.7_react@19.2.7__react@19.2.7/node_modules/next/dist/client/dev/report-hmr-latency.js:13
[  265023ms] [LOG] [Fast Refresh] rebuilding @ webpack-internal:///(app-pages-browser)/./node_modules/.pnpm/next@15.5.19_react-dom@19.2.7_react@19.2.7__react@19.2.7/node_modules/next/dist/client/dev/hot-reloader/app/hot-reloader-app.js:196
[  265634ms] [LOG] [Fast Refresh] done in 610ms @ webpack-internal:///(app-pages-browser)/./node_modules/.pnpm/next@15.5.19_react-dom@19.2.7_react@19.2.7__react@19.2.7/node_modules/next/dist/client/dev/report-hmr-latency.js:13
[  265639ms] [LOG] [Fast Refresh] rebuilding @ webpack-internal:///(app-pages-browser)/./node_modules/.pnpm/next@15.5.19_react-dom@19.2.7_react@19.2.7__react@19.2.7/node_modules/next/dist/client/dev/hot-reloader/app/hot-reloader-app.js:196
[  266268ms] [LOG] [Fast Refresh] done in 629ms @ webpack-internal:///(app-pages-browser)/./node_modules/.pnpm/next@15.5.19_react-dom@19.2.7_react@19.2.7__react@19.2.7/node_modules/next/dist/client/dev/report-hmr-latency.js:13
[  266272ms] [LOG] [Fast Refresh] rebuilding @ webpack-internal:///(app-pages-browser)/./node_modules/.pnpm/next@15.5.19_react-dom@19.2.7_react@19.2.7__react@19.2.7/node_modules/next/dist/client/dev/hot-reloader/app/hot-reloader-app.js:196
[  266902ms] [LOG] [Fast Refresh] done in 630ms @ webpack-internal:///(app-pages-browser)/./node_modules/.pnpm/next@15.5.19_react-dom@19.2.7_react@19.2.7__react@19.2.7/node_modules/next/dist/client/dev/report-hmr-latency.js:13
[  266906ms] [LOG] [Fast Refresh] rebuilding @ webpack-internal:///(app-pages-browser)/./node_modules/.pnpm/next@15.5.19_react-dom@19.2.7_react@19.2.7__react@19.2.7/node_modules/next/dist/client/dev/hot-reloader/app/hot-reloader-app.js:196
[  267548ms] [LOG] [Fast Refresh] done in 643ms @ webpack-internal:///(app-pages-browser)/./node_modules/.pnpm/next@15.5.19_react-dom@19.2.7_react@19.2.7__react@19.2.7/node_modules/next/dist/client/dev/report-hmr-latency.js:13
[  267573ms] [LOG] [Fast Refresh] rebuilding @ webpack-internal:///(app-pages-browser)/./node_modules/.pnpm/next@15.5.19_react-dom@19.2.7_react@19.2.7__react@19.2.7/node_modules/next/dist/client/dev/hot-reloader/app/hot-reloader-app.js:196
[  268568ms] [LOG] [Fast Refresh] done in 994ms @ webpack-internal:///(app-pages-browser)/./node_modules/.pnpm/next@15.5.19_react-dom@19.2.7_react@19.2.7__react@19.2.7/node_modules/next/dist/client/dev/report-hmr-latency.js:13
[  268571ms] [LOG] [Fast Refresh] rebuilding @ webpack-internal:///(app-pages-browser)/./node_modules/.pnpm/next@15.5.19_react-dom@19.2.7_react@19.2.7__react@19.2.7/node_modules/next/dist/client/dev/hot-reloader/app/hot-reloader-app.js:196
[  269255ms] [LOG] [Fast Refresh] done in 684ms @ webpack-internal:///(app-pages-browser)/./node_modules/.pnpm/next@15.5.19_react-dom@19.2.7_react@19.2.7__react@19.2.7/node_modules/next/dist/client/dev/report-hmr-latency.js:13
[  269265ms] [LOG] [Fast Refresh] rebuilding @ webpack-internal:///(app-pages-browser)/./node_modules/.pnpm/next@15.5.19_react-dom@19.2.7_react@19.2.7__react@19.2.7/node_modules/next/dist/client/dev/hot-reloader/app/hot-reloader-app.js:196
[  269874ms] [LOG] [Fast Refresh] done in 609ms @ webpack-internal:///(app-pages-browser)/./node_modules/.pnpm/next@15.5.19_react-dom@19.2.7_react@19.2.7__react@19.2.7/node_modules/next/dist/client/dev/report-hmr-latency.js:13
[  269881ms] [LOG] [Fast Refresh] rebuilding @ webpack-internal:///(app-pages-browser)/./node_modules/.pnpm/next@15.5.19_react-dom@19.2.7_react@19.2.7__react@19.2.7/node_modules/next/dist/client/dev/hot-reloader/app/hot-reloader-app.js:196
[  270541ms] [LOG] [Fast Refresh] done in 661ms @ webpack-internal:///(app-pages-browser)/./node_modules/.pnpm/next@15.5.19_react-dom@19.2.7_react@19.2.7__react@19.2.7/node_modules/next/dist/client/dev/report-hmr-latency.js:13
[  270547ms] [LOG] [Fast Refresh] rebuilding @ webpack-internal:///(app-pages-browser)/./node_modules/.pnpm/next@15.5.19_react-dom@19.2.7_react@19.2.7__react@19.2.7/node_modules/next/dist/client/dev/hot-reloader/app/hot-reloader-app.js:196
[  271197ms] [LOG] [Fast Refresh] done in 650ms @ webpack-internal:///(app-pages-browser)/./node_modules/.pnpm/next@15.5.19_react-dom@19.2.7_react@19.2.7__react@19.2.7/node_modules/next/dist/client/dev/report-hmr-latency.js:13
[  271201ms] [LOG] [Fast Refresh] rebuilding @ webpack-internal:///(app-pages-browser)/./node_modules/.pnpm/next@15.5.19_react-dom@19.2.7_react@19.2.7__react@19.2.7/node_modules/next/dist/client/dev/hot-reloader/app/hot-reloader-app.js:196
[  271955ms] [LOG] [Fast Refresh] done in 755ms @ webpack-internal:///(app-pages-browser)/./node_modules/.pnpm/next@15.5.19_react-dom@19.2.7_react@19.2.7__react@19.2.7/node_modules/next/dist/client/dev/report-hmr-latency.js:13
[  271961ms] [LOG] [Fast Refresh] rebuilding @ webpack-internal:///(app-pages-browser)/./node_modules/.pnpm/next@15.5.19_react-dom@19.2.7_react@19.2.7__react@19.2.7/node_modules/next/dist/client/dev/hot-reloader/app/hot-reloader-app.js:196
[  272603ms] [LOG] [Fast Refresh] done in 642ms @ webpack-internal:///(app-pages-browser)/./node_modules/.pnpm/next@15.5.19_react-dom@19.2.7_react@19.2.7__react@19.2.7/node_modules/next/dist/client/dev/report-hmr-latency.js:13
[  272606ms] [LOG] [Fast Refresh] rebuilding @ webpack-internal:///(app-pages-browser)/./node_modules/.pnpm/next@15.5.19_react-dom@19.2.7_react@19.2.7__react@19.2.7/node_modules/next/dist/client/dev/hot-reloader/app/hot-reloader-app.js:196
[  273234ms] [LOG] [Fast Refresh] done in 627ms @ webpack-internal:///(app-pages-browser)/./node_modules/.pnpm/next@15.5.19_react-dom@19.2.7_react@19.2.7__react@19.2.7/node_modules/next/dist/client/dev/report-hmr-latency.js:13
[  273238ms] [LOG] [Fast Refresh] rebuilding @ webpack-internal:///(app-pages-browser)/./node_modules/.pnpm/next@15.5.19_react-dom@19.2.7_react@19.2.7__react@19.2.7/node_modules/next/dist/client/dev/hot-reloader/app/hot-reloader-app.js:196
[  273891ms] [LOG] [Fast Refresh] done in 652ms @ webpack-internal:///(app-pages-browser)/./node_modules/.pnpm/next@15.5.19_react-dom@19.2.7_react@19.2.7__react@19.2.7/node_modules/next/dist/client/dev/report-hmr-latency.js:13
[  273897ms] [LOG] [Fast Refresh] rebuilding @ webpack-internal:///(app-pages-browser)/./node_modules/.pnpm/next@15.5.19_react-dom@19.2.7_react@19.2.7__react@19.2.7/node_modules/next/dist/client/dev/hot-reloader/app/hot-reloader-app.js:196
[  274707ms] [LOG] [Fast Refresh] done in 810ms @ webpack-internal:///(app-pages-browser)/./node_modules/.pnpm/next@15.5.19_react-dom@19.2.7_react@19.2.7__react@19.2.7/node_modules/next/dist/client/dev/report-hmr-latency.js:13
[  274714ms] [LOG] [Fast Refresh] rebuilding @ webpack-internal:///(app-pages-browser)/./node_modules/.pnpm/next@15.5.19_react-dom@19.2.7_react@19.2.7__react@19.2.7/node_modules/next/dist/client/dev/hot-reloader/app/hot-reloader-app.js:196
[  275387ms] [LOG] [Fast Refresh] done in 674ms @ webpack-internal:///(app-pages-browser)/./node_modules/.pnpm/next@15.5.19_react-dom@19.2.7_react@19.2.7__react@19.2.7/node_modules/next/dist/client/dev/report-hmr-latency.js:13
[  275391ms] [LOG] [Fast Refresh] rebuilding @ webpack-internal:///(app-pages-browser)/./node_modules/.pnpm/next@15.5.19_react-dom@19.2.7_react@19.2.7__react@19.2.7/node_modules/next/dist/client/dev/hot-reloader/app/hot-reloader-app.js:196
[  276007ms] [LOG] [Fast Refresh] done in 615ms @ webpack-internal:///(app-pages-browser)/./node_modules/.pnpm/next@15.5.19_react-dom@19.2.7_react@19.2.7__react@19.2.7/node_modules/next/dist/client/dev/report-hmr-latency.js:13
[  276013ms] [LOG] [Fast Refresh] rebuilding @ webpack-internal:///(app-pages-browser)/./node_modules/.pnpm/next@15.5.19_react-dom@19.2.7_react@19.2.7__react@19.2.7/node_modules/next/dist/client/dev/hot-reloader/app/hot-reloader-app.js:196
[  276795ms] [LOG] [Fast Refresh] done in 782ms @ webpack-internal:///(app-pages-browser)/./node_modules/.pnpm/next@15.5.19_react-dom@19.2.7_react@19.2.7__react@19.2.7/node_modules/next/dist/client/dev/report-hmr-latency.js:13
[  276799ms] [LOG] [Fast Refresh] rebuilding @ webpack-internal:///(app-pages-browser)/./node_modules/.pnpm/next@15.5.19_react-dom@19.2.7_react@19.2.7__react@19.2.7/node_modules/next/dist/client/dev/hot-reloader/app/hot-reloader-app.js:196
[  277428ms] [LOG] [Fast Refresh] done in 628ms @ webpack-internal:///(app-pages-browser)/./node_modules/.pnpm/next@15.5.19_react-dom@19.2.7_react@19.2.7__react@19.2.7/node_modules/next/dist/client/dev/report-hmr-latency.js:13
[  277433ms] [LOG] [Fast Refresh] rebuilding @ webpack-internal:///(app-pages-browser)/./node_modules/.pnpm/next@15.5.19_react-dom@19.2.7_react@19.2.7__react@19.2.7/node_modules/next/dist/client/dev/hot-reloader/app/hot-reloader-app.js:196
[  278053ms] [LOG] [Fast Refresh] done in 620ms @ webpack-internal:///(app-pages-browser)/./node_modules/.pnpm/next@15.5.19_react-dom@19.2.7_react@19.2.7__react@19.2.7/node_modules/next/dist/client/dev/report-hmr-latency.js:13
[  278059ms] [LOG] [Fast Refresh] rebuilding @ webpack-internal:///(app-pages-browser)/./node_modules/.pnpm/next@15.5.19_react-dom@19.2.7_react@19.2.7__react@19.2.7/node_modules/next/dist/client/dev/hot-reloader/app/hot-reloader-app.js:196
[  278781ms] [LOG] [Fast Refresh] done in 722ms @ webpack-internal:///(app-pages-browser)/./node_modules/.pnpm/next@15.5.19_react-dom@19.2.7_react@19.2.7__react@19.2.7/node_modules/next/dist/client/dev/report-hmr-latency.js:13
[  278785ms] [LOG] [Fast Refresh] rebuilding @ webpack-internal:///(app-pages-browser)/./node_modules/.pnpm/next@15.5.19_react-dom@19.2.7_react@19.2.7__react@19.2.7/node_modules/next/dist/client/dev/hot-reloader/app/hot-reloader-app.js:196
[  279420ms] [LOG] [Fast Refresh] done in 635ms @ webpack-internal:///(app-pages-browser)/./node_modules/.pnpm/next@15.5.19_react-dom@19.2.7_react@19.2.7__react@19.2.7/node_modules/next/dist/client/dev/report-hmr-latency.js:13
[  279423ms] [LOG] [Fast Refresh] rebuilding @ webpack-internal:///(app-pages-browser)/./node_modules/.pnpm/next@15.5.19_react-dom@19.2.7_react@19.2.7__react@19.2.7/node_modules/next/dist/client/dev/hot-reloader/app/hot-reloader-app.js:196
[  280040ms] [LOG] [Fast Refresh] done in 617ms @ webpack-internal:///(app-pages-browser)/./node_modules/.pnpm/next@15.5.19_react-dom@19.2.7_react@19.2.7__react@19.2.7/node_modules/next/dist/client/dev/report-hmr-latency.js:13
[  280045ms] [LOG] [Fast Refresh] rebuilding @ webpack-internal:///(app-pages-browser)/./node_modules/.pnpm/next@15.5.19_react-dom@19.2.7_react@19.2.7__react@19.2.7/node_modules/next/dist/client/dev/hot-reloader/app/hot-reloader-app.js:196
[  280661ms] [LOG] [Fast Refresh] done in 616ms @ webpack-internal:///(app-pages-browser)/./node_modules/.pnpm/next@15.5.19_react-dom@19.2.7_react@19.2.7__react@19.2.7/node_modules/next/dist/client/dev/report-hmr-latency.js:13
[  280666ms] [LOG] [Fast Refresh] rebuilding @ webpack-internal:///(app-pages-browser)/./node_modules/.pnpm/next@15.5.19_react-dom@19.2.7_react@19.2.7__react@19.2.7/node_modules/next/dist/client/dev/hot-reloader/app/hot-reloader-app.js:196
[  281297ms] [LOG] [Fast Refresh] done in 632ms @ webpack-internal:///(app-pages-browser)/./node_modules/.pnpm/next@15.5.19_react-dom@19.2.7_react@19.2.7__react@19.2.7/node_modules/next/dist/client/dev/report-hmr-latency.js:13
[  281305ms] [LOG] [Fast Refresh] rebuilding @ webpack-internal:///(app-pages-browser)/./node_modules/.pnpm/next@15.5.19_react-dom@19.2.7_react@19.2.7__react@19.2.7/node_modules/next/dist/client/dev/hot-reloader/app/hot-reloader-app.js:196
[  282320ms] [LOG] [Fast Refresh] done in 1016ms @ webpack-internal:///(app-pages-browser)/./node_modules/.pnpm/next@15.5.19_react-dom@19.2.7_react@19.2.7__react@19.2.7/node_modules/next/dist/client/dev/report-hmr-latency.js:13
[  282326ms] [LOG] [Fast Refresh] rebuilding @ webpack-internal:///(app-pages-browser)/./node_modules/.pnpm/next@15.5.19_react-dom@19.2.7_react@19.2.7__react@19.2.7/node_modules/next/dist/client/dev/hot-reloader/app/hot-reloader-app.js:196
[  283089ms] [LOG] [Fast Refresh] done in 764ms @ webpack-internal:///(app-pages-browser)/./node_modules/.pnpm/next@15.5.19_react-dom@19.2.7_react@19.2.7__react@19.2.7/node_modules/next/dist/client/dev/report-hmr-latency.js:13
[  283095ms] [LOG] [Fast Refresh] rebuilding @ webpack-internal:///(app-pages-browser)/./node_modules/.pnpm/next@15.5.19_react-dom@19.2.7_react@19.2.7__react@19.2.7/node_modules/next/dist/client/dev/hot-reloader/app/hot-reloader-app.js:196
[  283806ms] [LOG] [Fast Refresh] done in 712ms @ webpack-internal:///(app-pages-browser)/./node_modules/.pnpm/next@15.5.19_react-dom@19.2.7_react@19.2.7__react@19.2.7/node_modules/next/dist/client/dev/report-hmr-latency.js:13
[  283812ms] [LOG] [Fast Refresh] rebuilding @ webpack-internal:///(app-pages-browser)/./node_modules/.pnpm/next@15.5.19_react-dom@19.2.7_react@19.2.7__react@19.2.7/node_modules/next/dist/client/dev/hot-reloader/app/hot-reloader-app.js:196
[  284565ms] [LOG] [Fast Refresh] done in 753ms @ webpack-internal:///(app-pages-browser)/./node_modules/.pnpm/next@15.5.19_react-dom@19.2.7_react@19.2.7__react@19.2.7/node_modules/next/dist/client/dev/report-hmr-latency.js:13
[  284571ms] [LOG] [Fast Refresh] rebuilding @ webpack-internal:///(app-pages-browser)/./node_modules/.pnpm/next@15.5.19_react-dom@19.2.7_react@19.2.7__react@19.2.7/node_modules/next/dist/client/dev/hot-reloader/app/hot-reloader-app.js:196
[  285320ms] [LOG] [Fast Refresh] done in 750ms @ webpack-internal:///(app-pages-browser)/./node_modules/.pnpm/next@15.5.19_react-dom@19.2.7_react@19.2.7__react@19.2.7/node_modules/next/dist/client/dev/report-hmr-latency.js:13
[  285326ms] [LOG] [Fast Refresh] rebuilding @ webpack-internal:///(app-pages-browser)/./node_modules/.pnpm/next@15.5.19_react-dom@19.2.7_react@19.2.7__react@19.2.7/node_modules/next/dist/client/dev/hot-reloader/app/hot-reloader-app.js:196
[  285972ms] [LOG] [Fast Refresh] done in 647ms @ webpack-internal:///(app-pages-browser)/./node_modules/.pnpm/next@15.5.19_react-dom@19.2.7_react@19.2.7__react@19.2.7/node_modules/next/dist/client/dev/report-hmr-latency.js:13
[  285980ms] [LOG] [Fast Refresh] rebuilding @ webpack-internal:///(app-pages-browser)/./node_modules/.pnpm/next@15.5.19_react-dom@19.2.7_react@19.2.7__react@19.2.7/node_modules/next/dist/client/dev/hot-reloader/app/hot-reloader-app.js:196
[  286678ms] [LOG] [Fast Refresh] done in 698ms @ webpack-internal:///(app-pages-browser)/./node_modules/.pnpm/next@15.5.19_react-dom@19.2.7_react@19.2.7__react@19.2.7/node_modules/next/dist/client/dev/report-hmr-latency.js:13
[  286684ms] [LOG] [Fast Refresh] rebuilding @ webpack-internal:///(app-pages-browser)/./node_modules/.pnpm/next@15.5.19_react-dom@19.2.7_react@19.2.7__react@19.2.7/node_modules/next/dist/client/dev/hot-reloader/app/hot-reloader-app.js:196
[  287342ms] [LOG] [Fast Refresh] done in 658ms @ webpack-internal:///(app-pages-browser)/./node_modules/.pnpm/next@15.5.19_react-dom@19.2.7_react@19.2.7__react@19.2.7/node_modules/next/dist/client/dev/report-hmr-latency.js:13
[  287349ms] [LOG] [Fast Refresh] rebuilding @ webpack-internal:///(app-pages-browser)/./node_modules/.pnpm/next@15.5.19_react-dom@19.2.7_react@19.2.7__react@19.2.7/node_modules/next/dist/client/dev/hot-reloader/app/hot-reloader-app.js:196
[  288038ms] [LOG] [Fast Refresh] done in 689ms @ webpack-internal:///(app-pages-browser)/./node_modules/.pnpm/next@15.5.19_react-dom@19.2.7_react@19.2.7__react@19.2.7/node_modules/next/dist/client/dev/report-hmr-latency.js:13
[  288043ms] [LOG] [Fast Refresh] rebuilding @ webpack-internal:///(app-pages-browser)/./node_modules/.pnpm/next@15.5.19_react-dom@19.2.7_react@19.2.7__react@19.2.7/node_modules/next/dist/client/dev/hot-reloader/app/hot-reloader-app.js:196
[  288634ms] [LOG] [Fast Refresh] done in 591ms @ webpack-internal:///(app-pages-browser)/./node_modules/.pnpm/next@15.5.19_react-dom@19.2.7_react@19.2.7__react@19.2.7/node_modules/next/dist/client/dev/report-hmr-latency.js:13
[  288638ms] [LOG] [Fast Refresh] rebuilding @ webpack-internal:///(app-pages-browser)/./node_modules/.pnpm/next@15.5.19_react-dom@19.2.7_react@19.2.7__react@19.2.7/node_modules/next/dist/client/dev/hot-reloader/app/hot-reloader-app.js:196
[  289516ms] [LOG] [Fast Refresh] done in 879ms @ webpack-internal:///(app-pages-browser)/./node_modules/.pnpm/next@15.5.19_react-dom@19.2.7_react@19.2.7__react@19.2.7/node_modules/next/dist/client/dev/report-hmr-latency.js:13
[  289523ms] [LOG] [Fast Refresh] rebuilding @ webpack-internal:///(app-pages-browser)/./node_modules/.pnpm/next@15.5.19_react-dom@19.2.7_react@19.2.7__react@19.2.7/node_modules/next/dist/client/dev/hot-reloader/app/hot-reloader-app.js:196
[  290158ms] [LOG] [Fast Refresh] done in 635ms @ webpack-internal:///(app-pages-browser)/./node_modules/.pnpm/next@15.5.19_react-dom@19.2.7_react@19.2.7__react@19.2.7/node_modules/next/dist/client/dev/report-hmr-latency.js:13
[  290165ms] [LOG] [Fast Refresh] rebuilding @ webpack-internal:///(app-pages-browser)/./node_modules/.pnpm/next@15.5.19_react-dom@19.2.7_react@19.2.7__react@19.2.7/node_modules/next/dist/client/dev/hot-reloader/app/hot-reloader-app.js:196
[  290805ms] [LOG] [Fast Refresh] done in 640ms @ webpack-internal:///(app-pages-browser)/./node_modules/.pnpm/next@15.5.19_react-dom@19.2.7_react@19.2.7__react@19.2.7/node_modules/next/dist/client/dev/report-hmr-latency.js:13
[  290814ms] [LOG] [Fast Refresh] rebuilding @ webpack-internal:///(app-pages-browser)/./node_modules/.pnpm/next@15.5.19_react-dom@19.2.7_react@19.2.7__react@19.2.7/node_modules/next/dist/client/dev/hot-reloader/app/hot-reloader-app.js:196
[  291450ms] [LOG] [Fast Refresh] done in 636ms @ webpack-internal:///(app-pages-browser)/./node_modules/.pnpm/next@15.5.19_react-dom@19.2.7_react@19.2.7__react@19.2.7/node_modules/next/dist/client/dev/report-hmr-latency.js:13
[  291453ms] [LOG] [Fast Refresh] rebuilding @ webpack-internal:///(app-pages-browser)/./node_modules/.pnpm/next@15.5.19_react-dom@19.2.7_react@19.2.7__react@19.2.7/node_modules/next/dist/client/dev/hot-reloader/app/hot-reloader-app.js:196
[  292102ms] [LOG] [Fast Refresh] done in 649ms @ webpack-internal:///(app-pages-browser)/./node_modules/.pnpm/next@15.5.19_react-dom@19.2.7_react@19.2.7__react@19.2.7/node_modules/next/dist/client/dev/report-hmr-latency.js:13
[  292107ms] [LOG] [Fast Refresh] rebuilding @ webpack-internal:///(app-pages-browser)/./node_modules/.pnpm/next@15.5.19_react-dom@19.2.7_react@19.2.7__react@19.2.7/node_modules/next/dist/client/dev/hot-reloader/app/hot-reloader-app.js:196
[  292848ms] [LOG] [Fast Refresh] done in 741ms @ webpack-internal:///(app-pages-browser)/./node_modules/.pnpm/next@15.5.19_react-dom@19.2.7_react@19.2.7__react@19.2.7/node_modules/next/dist/client/dev/report-hmr-latency.js:13
[  292854ms] [LOG] [Fast Refresh] rebuilding @ webpack-internal:///(app-pages-browser)/./node_modules/.pnpm/next@15.5.19_react-dom@19.2.7_react@19.2.7__react@19.2.7/node_modules/next/dist/client/dev/hot-reloader/app/hot-reloader-app.js:196
[  293317ms] [LOG] [Fast Refresh] done in 463ms @ webpack-internal:///(app-pages-browser)/./node_modules/.pnpm/next@15.5.19_react-dom@19.2.7_react@19.2.7__react@19.2.7/node_modules/next/dist/client/dev/report-hmr-latency.js:13
[  293322ms] [LOG] [Fast Refresh] rebuilding @ webpack-internal:///(app-pages-browser)/./node_modules/.pnpm/next@15.5.19_react-dom@19.2.7_react@19.2.7__react@19.2.7/node_modules/next/dist/client/dev/hot-reloader/app/hot-reloader-app.js:196
[  293999ms] [LOG] [Fast Refresh] done in 677ms @ webpack-internal:///(app-pages-browser)/./node_modules/.pnpm/next@15.5.19_react-dom@19.2.7_react@19.2.7__react@19.2.7/node_modules/next/dist/client/dev/report-hmr-latency.js:13
[  294002ms] [LOG] [Fast Refresh] rebuilding @ webpack-internal:///(app-pages-browser)/./node_modules/.pnpm/next@15.5.19_react-dom@19.2.7_react@19.2.7__react@19.2.7/node_modules/next/dist/client/dev/hot-reloader/app/hot-reloader-app.js:196
[  294633ms] [LOG] [Fast Refresh] done in 630ms @ webpack-internal:///(app-pages-browser)/./node_modules/.pnpm/next@15.5.19_react-dom@19.2.7_react@19.2.7__react@19.2.7/node_modules/next/dist/client/dev/report-hmr-latency.js:13
[  294637ms] [LOG] [Fast Refresh] rebuilding @ webpack-internal:///(app-pages-browser)/./node_modules/.pnpm/next@15.5.19_react-dom@19.2.7_react@19.2.7__react@19.2.7/node_modules/next/dist/client/dev/hot-reloader/app/hot-reloader-app.js:196
[  295313ms] [LOG] [Fast Refresh] done in 676ms @ webpack-internal:///(app-pages-browser)/./node_modules/.pnpm/next@15.5.19_react-dom@19.2.7_react@19.2.7__react@19.2.7/node_modules/next/dist/client/dev/report-hmr-latency.js:13
[  295331ms] [LOG] [Fast Refresh] rebuilding @ webpack-internal:///(app-pages-browser)/./node_modules/.pnpm/next@15.5.19_react-dom@19.2.7_react@19.2.7__react@19.2.7/node_modules/next/dist/client/dev/hot-reloader/app/hot-reloader-app.js:196
[  296324ms] [LOG] [Fast Refresh] done in 994ms @ webpack-internal:///(app-pages-browser)/./node_modules/.pnpm/next@15.5.19_react-dom@19.2.7_react@19.2.7__react@19.2.7/node_modules/next/dist/client/dev/report-hmr-latency.js:13
[  296330ms] [LOG] [Fast Refresh] rebuilding @ webpack-internal:///(app-pages-browser)/./node_modules/.pnpm/next@15.5.19_react-dom@19.2.7_react@19.2.7__react@19.2.7/node_modules/next/dist/client/dev/hot-reloader/app/hot-reloader-app.js:196
[  296969ms] [LOG] [Fast Refresh] done in 638ms @ webpack-internal:///(app-pages-browser)/./node_modules/.pnpm/next@15.5.19_react-dom@19.2.7_react@19.2.7__react@19.2.7/node_modules/next/dist/client/dev/report-hmr-latency.js:13
[  296974ms] [LOG] [Fast Refresh] rebuilding @ webpack-internal:///(app-pages-browser)/./node_modules/.pnpm/next@15.5.19_react-dom@19.2.7_react@19.2.7__react@19.2.7/node_modules/next/dist/client/dev/hot-reloader/app/hot-reloader-app.js:196
[  297601ms] [LOG] [Fast Refresh] done in 626ms @ webpack-internal:///(app-pages-browser)/./node_modules/.pnpm/next@15.5.19_react-dom@19.2.7_react@19.2.7__react@19.2.7/node_modules/next/dist/client/dev/report-hmr-latency.js:13
[  297605ms] [LOG] [Fast Refresh] rebuilding @ webpack-internal:///(app-pages-browser)/./node_modules/.pnpm/next@15.5.19_react-dom@19.2.7_react@19.2.7__react@19.2.7/node_modules/next/dist/client/dev/hot-reloader/app/hot-reloader-app.js:196
[  298564ms] [LOG] [Fast Refresh] done in 958ms @ webpack-internal:///(app-pages-browser)/./node_modules/.pnpm/next@15.5.19_react-dom@19.2.7_react@19.2.7__react@19.2.7/node_modules/next/dist/client/dev/report-hmr-latency.js:13
[  298567ms] [LOG] [Fast Refresh] rebuilding @ webpack-internal:///(app-pages-browser)/./node_modules/.pnpm/next@15.5.19_react-dom@19.2.7_react@19.2.7__react@19.2.7/node_modules/next/dist/client/dev/hot-reloader/app/hot-reloader-app.js:196
[  299196ms] [LOG] [Fast Refresh] done in 629ms @ webpack-internal:///(app-pages-browser)/./node_modules/.pnpm/next@15.5.19_react-dom@19.2.7_react@19.2.7__react@19.2.7/node_modules/next/dist/client/dev/report-hmr-latency.js:13
[  299200ms] [LOG] [Fast Refresh] rebuilding @ webpack-internal:///(app-pages-browser)/./node_modules/.pnpm/next@15.5.19_react-dom@19.2.7_react@19.2.7__react@19.2.7/node_modules/next/dist/client/dev/hot-reloader/app/hot-reloader-app.js:196
[  299826ms] [LOG] [Fast Refresh] done in 625ms @ webpack-internal:///(app-pages-browser)/./node_modules/.pnpm/next@15.5.19_react-dom@19.2.7_react@19.2.7__react@19.2.7/node_modules/next/dist/client/dev/report-hmr-latency.js:13
[  299831ms] [LOG] [Fast Refresh] rebuilding @ webpack-internal:///(app-pages-browser)/./node_modules/.pnpm/next@15.5.19_react-dom@19.2.7_react@19.2.7__react@19.2.7/node_modules/next/dist/client/dev/hot-reloader/app/hot-reloader-app.js:196
[  300440ms] [LOG] [Fast Refresh] done in 610ms @ webpack-internal:///(app-pages-browser)/./node_modules/.pnpm/next@15.5.19_react-dom@19.2.7_react@19.2.7__react@19.2.7/node_modules/next/dist/client/dev/report-hmr-latency.js:13
[  300446ms] [LOG] [Fast Refresh] rebuilding @ webpack-internal:///(app-pages-browser)/./node_modules/.pnpm/next@15.5.19_react-dom@19.2.7_react@19.2.7__react@19.2.7/node_modules/next/dist/client/dev/hot-reloader/app/hot-reloader-app.js:196
[  301054ms] [LOG] [Fast Refresh] done in 608ms @ webpack-internal:///(app-pages-browser)/./node_modules/.pnpm/next@15.5.19_react-dom@19.2.7_react@19.2.7__react@19.2.7/node_modules/next/dist/client/dev/report-hmr-latency.js:13
[  301061ms] [LOG] [Fast Refresh] rebuilding @ webpack-internal:///(app-pages-browser)/./node_modules/.pnpm/next@15.5.19_react-dom@19.2.7_react@19.2.7__react@19.2.7/node_modules/next/dist/client/dev/hot-reloader/app/hot-reloader-app.js:196
[  301687ms] [LOG] [Fast Refresh] done in 626ms @ webpack-internal:///(app-pages-browser)/./node_modules/.pnpm/next@15.5.19_react-dom@19.2.7_react@19.2.7__react@19.2.7/node_modules/next/dist/client/dev/report-hmr-latency.js:13
[  301695ms] [LOG] [Fast Refresh] rebuilding @ webpack-internal:///(app-pages-browser)/./node_modules/.pnpm/next@15.5.19_react-dom@19.2.7_react@19.2.7__react@19.2.7/node_modules/next/dist/client/dev/hot-reloader/app/hot-reloader-app.js:196
[  302317ms] [LOG] [Fast Refresh] done in 623ms @ webpack-internal:///(app-pages-browser)/./node_modules/.pnpm/next@15.5.19_react-dom@19.2.7_react@19.2.7__react@19.2.7/node_modules/next/dist/client/dev/report-hmr-latency.js:13
[  302321ms] [LOG] [Fast Refresh] rebuilding @ webpack-internal:///(app-pages-browser)/./node_modules/.pnpm/next@15.5.19_react-dom@19.2.7_react@19.2.7__react@19.2.7/node_modules/next/dist/client/dev/hot-reloader/app/hot-reloader-app.js:196
[  302955ms] [LOG] [Fast Refresh] done in 634ms @ webpack-internal:///(app-pages-browser)/./node_modules/.pnpm/next@15.5.19_react-dom@19.2.7_react@19.2.7__react@19.2.7/node_modules/next/dist/client/dev/report-hmr-latency.js:13
[  302961ms] [LOG] [Fast Refresh] rebuilding @ webpack-internal:///(app-pages-browser)/./node_modules/.pnpm/next@15.5.19_react-dom@19.2.7_react@19.2.7__react@19.2.7/node_modules/next/dist/client/dev/hot-reloader/app/hot-reloader-app.js:196
[  303562ms] [LOG] [Fast Refresh] done in 602ms @ webpack-internal:///(app-pages-browser)/./node_modules/.pnpm/next@15.5.19_react-dom@19.2.7_react@19.2.7__react@19.2.7/node_modules/next/dist/client/dev/report-hmr-latency.js:13
[  303567ms] [LOG] [Fast Refresh] rebuilding @ webpack-internal:///(app-pages-browser)/./node_modules/.pnpm/next@15.5.19_react-dom@19.2.7_react@19.2.7__react@19.2.7/node_modules/next/dist/client/dev/hot-reloader/app/hot-reloader-app.js:196
[  304478ms] [LOG] [Fast Refresh] done in 912ms @ webpack-internal:///(app-pages-browser)/./node_modules/.pnpm/next@15.5.19_react-dom@19.2.7_react@19.2.7__react@19.2.7/node_modules/next/dist/client/dev/report-hmr-latency.js:13
[  304514ms] [LOG] [Fast Refresh] rebuilding @ webpack-internal:///(app-pages-browser)/./node_modules/.pnpm/next@15.5.19_react-dom@19.2.7_react@19.2.7__react@19.2.7/node_modules/next/dist/client/dev/hot-reloader/app/hot-reloader-app.js:196
[  305499ms] [LOG] [Fast Refresh] done in 984ms @ webpack-internal:///(app-pages-browser)/./node_modules/.pnpm/next@15.5.19_react-dom@19.2.7_react@19.2.7__react@19.2.7/node_modules/next/dist/client/dev/report-hmr-latency.js:13
[  305502ms] [LOG] [Fast Refresh] rebuilding @ webpack-internal:///(app-pages-browser)/./node_modules/.pnpm/next@15.5.19_react-dom@19.2.7_react@19.2.7__react@19.2.7/node_modules/next/dist/client/dev/hot-reloader/app/hot-reloader-app.js:196
[  306237ms] [LOG] [Fast Refresh] done in 735ms @ webpack-internal:///(app-pages-browser)/./node_modules/.pnpm/next@15.5.19_react-dom@19.2.7_react@19.2.7__react@19.2.7/node_modules/next/dist/client/dev/report-hmr-latency.js:13
[  306242ms] [LOG] [Fast Refresh] rebuilding @ webpack-internal:///(app-pages-browser)/./node_modules/.pnpm/next@15.5.19_react-dom@19.2.7_react@19.2.7__react@19.2.7/node_modules/next/dist/client/dev/hot-reloader/app/hot-reloader-app.js:196
[  306921ms] [LOG] [Fast Refresh] done in 680ms @ webpack-internal:///(app-pages-browser)/./node_modules/.pnpm/next@15.5.19_react-dom@19.2.7_react@19.2.7__react@19.2.7/node_modules/next/dist/client/dev/report-hmr-latency.js:13
[  306930ms] [LOG] [Fast Refresh] rebuilding @ webpack-internal:///(app-pages-browser)/./node_modules/.pnpm/next@15.5.19_react-dom@19.2.7_react@19.2.7__react@19.2.7/node_modules/next/dist/client/dev/hot-reloader/app/hot-reloader-app.js:196
[  307617ms] [LOG] [Fast Refresh] done in 687ms @ webpack-internal:///(app-pages-browser)/./node_modules/.pnpm/next@15.5.19_react-dom@19.2.7_react@19.2.7__react@19.2.7/node_modules/next/dist/client/dev/report-hmr-latency.js:13
[  307982ms] [LOG] [Fast Refresh] rebuilding @ webpack-internal:///(app-pages-browser)/./node_modules/.pnpm/next@15.5.19_react-dom@19.2.7_react@19.2.7__react@19.2.7/node_modules/next/dist/client/dev/hot-reloader/app/hot-reloader-app.js:196
[  309175ms] [LOG] [Fast Refresh] done in 1194ms @ webpack-internal:///(app-pages-browser)/./node_modules/.pnpm/next@15.5.19_react-dom@19.2.7_react@19.2.7__react@19.2.7/node_modules/next/dist/client/dev/report-hmr-latency.js:13
[  309181ms] [LOG] [Fast Refresh] rebuilding @ webpack-internal:///(app-pages-browser)/./node_modules/.pnpm/next@15.5.19_react-dom@19.2.7_react@19.2.7__react@19.2.7/node_modules/next/dist/client/dev/hot-reloader/app/hot-reloader-app.js:196
[  309963ms] [LOG] [Fast Refresh] done in 782ms @ webpack-internal:///(app-pages-browser)/./node_modules/.pnpm/next@15.5.19_react-dom@19.2.7_react@19.2.7__react@19.2.7/node_modules/next/dist/client/dev/report-hmr-latency.js:13
[  309967ms] [LOG] [Fast Refresh] rebuilding @ webpack-internal:///(app-pages-browser)/./node_modules/.pnpm/next@15.5.19_react-dom@19.2.7_react@19.2.7__react@19.2.7/node_modules/next/dist/client/dev/hot-reloader/app/hot-reloader-app.js:196
[  311272ms] [LOG] [Fast Refresh] done in 1305ms @ webpack-internal:///(app-pages-browser)/./node_modules/.pnpm/next@15.5.19_react-dom@19.2.7_react@19.2.7__react@19.2.7/node_modules/next/dist/client/dev/report-hmr-latency.js:13
[  311314ms] [LOG] [Fast Refresh] rebuilding @ webpack-internal:///(app-pages-browser)/./node_modules/.pnpm/next@15.5.19_react-dom@19.2.7_react@19.2.7__react@19.2.7/node_modules/next/dist/client/dev/hot-reloader/app/hot-reloader-app.js:196
[  312517ms] [LOG] [Fast Refresh] done in 1203ms @ webpack-internal:///(app-pages-browser)/./node_modules/.pnpm/next@15.5.19_react-dom@19.2.7_react@19.2.7__react@19.2.7/node_modules/next/dist/client/dev/report-hmr-latency.js:13
[  312520ms] [LOG] [Fast Refresh] rebuilding @ webpack-internal:///(app-pages-browser)/./node_modules/.pnpm/next@15.5.19_react-dom@19.2.7_react@19.2.7__react@19.2.7/node_modules/next/dist/client/dev/hot-reloader/app/hot-reloader-app.js:196
[  313237ms] [LOG] [Fast Refresh] done in 716ms @ webpack-internal:///(app-pages-browser)/./node_modules/.pnpm/next@15.5.19_react-dom@19.2.7_react@19.2.7__react@19.2.7/node_modules/next/dist/client/dev/report-hmr-latency.js:13
[  313242ms] [LOG] [Fast Refresh] rebuilding @ webpack-internal:///(app-pages-browser)/./node_modules/.pnpm/next@15.5.19_react-dom@19.2.7_react@19.2.7__react@19.2.7/node_modules/next/dist/client/dev/hot-reloader/app/hot-reloader-app.js:196
[  313985ms] [LOG] [Fast Refresh] done in 743ms @ webpack-internal:///(app-pages-browser)/./node_modules/.pnpm/next@15.5.19_react-dom@19.2.7_react@19.2.7__react@19.2.7/node_modules/next/dist/client/dev/report-hmr-latency.js:13
[  313990ms] [LOG] [Fast Refresh] rebuilding @ webpack-internal:///(app-pages-browser)/./node_modules/.pnpm/next@15.5.19_react-dom@19.2.7_react@19.2.7__react@19.2.7/node_modules/next/dist/client/dev/hot-reloader/app/hot-reloader-app.js:196
[  314653ms] [LOG] [Fast Refresh] done in 664ms @ webpack-internal:///(app-pages-browser)/./node_modules/.pnpm/next@15.5.19_react-dom@19.2.7_react@19.2.7__react@19.2.7/node_modules/next/dist/client/dev/report-hmr-latency.js:13
[  314662ms] [LOG] [Fast Refresh] rebuilding @ webpack-internal:///(app-pages-browser)/./node_modules/.pnpm/next@15.5.19_react-dom@19.2.7_react@19.2.7__react@19.2.7/node_modules/next/dist/client/dev/hot-reloader/app/hot-reloader-app.js:196
[  315298ms] [LOG] [Fast Refresh] done in 636ms @ webpack-internal:///(app-pages-browser)/./node_modules/.pnpm/next@15.5.19_react-dom@19.2.7_react@19.2.7__react@19.2.7/node_modules/next/dist/client/dev/report-hmr-latency.js:13
[  315301ms] [LOG] [Fast Refresh] rebuilding @ webpack-internal:///(app-pages-browser)/./node_modules/.pnpm/next@15.5.19_react-dom@19.2.7_react@19.2.7__react@19.2.7/node_modules/next/dist/client/dev/hot-reloader/app/hot-reloader-app.js:196
[  315952ms] [LOG] [Fast Refresh] done in 651ms @ webpack-internal:///(app-pages-browser)/./node_modules/.pnpm/next@15.5.19_react-dom@19.2.7_react@19.2.7__react@19.2.7/node_modules/next/dist/client/dev/report-hmr-latency.js:13
[  315956ms] [LOG] [Fast Refresh] rebuilding @ webpack-internal:///(app-pages-browser)/./node_modules/.pnpm/next@15.5.19_react-dom@19.2.7_react@19.2.7__react@19.2.7/node_modules/next/dist/client/dev/hot-reloader/app/hot-reloader-app.js:196
[  316788ms] [LOG] [Fast Refresh] done in 833ms @ webpack-internal:///(app-pages-browser)/./node_modules/.pnpm/next@15.5.19_react-dom@19.2.7_react@19.2.7__react@19.2.7/node_modules/next/dist/client/dev/report-hmr-latency.js:13
[  316794ms] [LOG] [Fast Refresh] rebuilding @ webpack-internal:///(app-pages-browser)/./node_modules/.pnpm/next@15.5.19_react-dom@19.2.7_react@19.2.7__react@19.2.7/node_modules/next/dist/client/dev/hot-reloader/app/hot-reloader-app.js:196
[  317835ms] [LOG] [Fast Refresh] done in 1041ms @ webpack-internal:///(app-pages-browser)/./node_modules/.pnpm/next@15.5.19_react-dom@19.2.7_react@19.2.7__react@19.2.7/node_modules/next/dist/client/dev/report-hmr-latency.js:13
[  317851ms] [LOG] [Fast Refresh] rebuilding @ webpack-internal:///(app-pages-browser)/./node_modules/.pnpm/next@15.5.19_react-dom@19.2.7_react@19.2.7__react@19.2.7/node_modules/next/dist/client/dev/hot-reloader/app/hot-reloader-app.js:196
[  318803ms] [LOG] [Fast Refresh] done in 952ms @ webpack-internal:///(app-pages-browser)/./node_modules/.pnpm/next@15.5.19_react-dom@19.2.7_react@19.2.7__react@19.2.7/node_modules/next/dist/client/dev/report-hmr-latency.js:13
[  318810ms] [LOG] [Fast Refresh] rebuilding @ webpack-internal:///(app-pages-browser)/./node_modules/.pnpm/next@15.5.19_react-dom@19.2.7_react@19.2.7__react@19.2.7/node_modules/next/dist/client/dev/hot-reloader/app/hot-reloader-app.js:196
[  319710ms] [LOG] [Fast Refresh] done in 900ms @ webpack-internal:///(app-pages-browser)/./node_modules/.pnpm/next@15.5.19_react-dom@19.2.7_react@19.2.7__react@19.2.7/node_modules/next/dist/client/dev/report-hmr-latency.js:13
[  319716ms] [LOG] [Fast Refresh] rebuilding @ webpack-internal:///(app-pages-browser)/./node_modules/.pnpm/next@15.5.19_react-dom@19.2.7_react@19.2.7__react@19.2.7/node_modules/next/dist/client/dev/hot-reloader/app/hot-reloader-app.js:196
[  320592ms] [LOG] [Fast Refresh] done in 877ms @ webpack-internal:///(app-pages-browser)/./node_modules/.pnpm/next@15.5.19_react-dom@19.2.7_react@19.2.7__react@19.2.7/node_modules/next/dist/client/dev/report-hmr-latency.js:13
[  320597ms] [LOG] [Fast Refresh] rebuilding @ webpack-internal:///(app-pages-browser)/./node_modules/.pnpm/next@15.5.19_react-dom@19.2.7_react@19.2.7__react@19.2.7/node_modules/next/dist/client/dev/hot-reloader/app/hot-reloader-app.js:196
[  321235ms] [LOG] [Fast Refresh] done in 638ms @ webpack-internal:///(app-pages-browser)/./node_modules/.pnpm/next@15.5.19_react-dom@19.2.7_react@19.2.7__react@19.2.7/node_modules/next/dist/client/dev/report-hmr-latency.js:13
[  321244ms] [LOG] [Fast Refresh] rebuilding @ webpack-internal:///(app-pages-browser)/./node_modules/.pnpm/next@15.5.19_react-dom@19.2.7_react@19.2.7__react@19.2.7/node_modules/next/dist/client/dev/hot-reloader/app/hot-reloader-app.js:196
[  321870ms] [LOG] [Fast Refresh] done in 626ms @ webpack-internal:///(app-pages-browser)/./node_modules/.pnpm/next@15.5.19_react-dom@19.2.7_react@19.2.7__react@19.2.7/node_modules/next/dist/client/dev/report-hmr-latency.js:13
[  321874ms] [LOG] [Fast Refresh] rebuilding @ webpack-internal:///(app-pages-browser)/./node_modules/.pnpm/next@15.5.19_react-dom@19.2.7_react@19.2.7__react@19.2.7/node_modules/next/dist/client/dev/hot-reloader/app/hot-reloader-app.js:196
[  322666ms] [LOG] [Fast Refresh] done in 791ms @ webpack-internal:///(app-pages-browser)/./node_modules/.pnpm/next@15.5.19_react-dom@19.2.7_react@19.2.7__react@19.2.7/node_modules/next/dist/client/dev/report-hmr-latency.js:13
[  322700ms] [LOG] [Fast Refresh] rebuilding @ webpack-internal:///(app-pages-browser)/./node_modules/.pnpm/next@15.5.19_react-dom@19.2.7_react@19.2.7__react@19.2.7/node_modules/next/dist/client/dev/hot-reloader/app/hot-reloader-app.js:196
[  323391ms] [LOG] [Fast Refresh] done in 692ms @ webpack-internal:///(app-pages-browser)/./node_modules/.pnpm/next@15.5.19_react-dom@19.2.7_react@19.2.7__react@19.2.7/node_modules/next/dist/client/dev/report-hmr-latency.js:13
[  323397ms] [LOG] [Fast Refresh] rebuilding @ webpack-internal:///(app-pages-browser)/./node_modules/.pnpm/next@15.5.19_react-dom@19.2.7_react@19.2.7__react@19.2.7/node_modules/next/dist/client/dev/hot-reloader/app/hot-reloader-app.js:196
[  323878ms] [LOG] [Fast Refresh] done in 482ms @ webpack-internal:///(app-pages-browser)/./node_modules/.pnpm/next@15.5.19_react-dom@19.2.7_react@19.2.7__react@19.2.7/node_modules/next/dist/client/dev/report-hmr-latency.js:13
[  323883ms] [LOG] [Fast Refresh] rebuilding @ webpack-internal:///(app-pages-browser)/./node_modules/.pnpm/next@15.5.19_react-dom@19.2.7_react@19.2.7__react@19.2.7/node_modules/next/dist/client/dev/hot-reloader/app/hot-reloader-app.js:196
[  324526ms] [LOG] [Fast Refresh] done in 644ms @ webpack-internal:///(app-pages-browser)/./node_modules/.pnpm/next@15.5.19_react-dom@19.2.7_react@19.2.7__react@19.2.7/node_modules/next/dist/client/dev/report-hmr-latency.js:13
[  324531ms] [LOG] [Fast Refresh] rebuilding @ webpack-internal:///(app-pages-browser)/./node_modules/.pnpm/next@15.5.19_react-dom@19.2.7_react@19.2.7__react@19.2.7/node_modules/next/dist/client/dev/hot-reloader/app/hot-reloader-app.js:196
[  325144ms] [LOG] [Fast Refresh] done in 614ms @ webpack-internal:///(app-pages-browser)/./node_modules/.pnpm/next@15.5.19_react-dom@19.2.7_react@19.2.7__react@19.2.7/node_modules/next/dist/client/dev/report-hmr-latency.js:13
[  325149ms] [LOG] [Fast Refresh] rebuilding @ webpack-internal:///(app-pages-browser)/./node_modules/.pnpm/next@15.5.19_react-dom@19.2.7_react@19.2.7__react@19.2.7/node_modules/next/dist/client/dev/hot-reloader/app/hot-reloader-app.js:196
[  325761ms] [LOG] [Fast Refresh] done in 612ms @ webpack-internal:///(app-pages-browser)/./node_modules/.pnpm/next@15.5.19_react-dom@19.2.7_react@19.2.7__react@19.2.7/node_modules/next/dist/client/dev/report-hmr-latency.js:13
[  325764ms] [LOG] [Fast Refresh] rebuilding @ webpack-internal:///(app-pages-browser)/./node_modules/.pnpm/next@15.5.19_react-dom@19.2.7_react@19.2.7__react@19.2.7/node_modules/next/dist/client/dev/hot-reloader/app/hot-reloader-app.js:196
[  326379ms] [LOG] [Fast Refresh] done in 614ms @ webpack-internal:///(app-pages-browser)/./node_modules/.pnpm/next@15.5.19_react-dom@19.2.7_react@19.2.7__react@19.2.7/node_modules/next/dist/client/dev/report-hmr-latency.js:13
[  326383ms] [LOG] [Fast Refresh] rebuilding @ webpack-internal:///(app-pages-browser)/./node_modules/.pnpm/next@15.5.19_react-dom@19.2.7_react@19.2.7__react@19.2.7/node_modules/next/dist/client/dev/hot-reloader/app/hot-reloader-app.js:196
[  327463ms] [LOG] [Fast Refresh] done in 1080ms @ webpack-internal:///(app-pages-browser)/./node_modules/.pnpm/next@15.5.19_react-dom@19.2.7_react@19.2.7__react@19.2.7/node_modules/next/dist/client/dev/report-hmr-latency.js:13
[  327478ms] [LOG] [Fast Refresh] rebuilding @ webpack-internal:///(app-pages-browser)/./node_modules/.pnpm/next@15.5.19_react-dom@19.2.7_react@19.2.7__react@19.2.7/node_modules/next/dist/client/dev/hot-reloader/app/hot-reloader-app.js:196
[  328179ms] [LOG] [Fast Refresh] done in 700ms @ webpack-internal:///(app-pages-browser)/./node_modules/.pnpm/next@15.5.19_react-dom@19.2.7_react@19.2.7__react@19.2.7/node_modules/next/dist/client/dev/report-hmr-latency.js:13
[  328183ms] [LOG] [Fast Refresh] rebuilding @ webpack-internal:///(app-pages-browser)/./node_modules/.pnpm/next@15.5.19_react-dom@19.2.7_react@19.2.7__react@19.2.7/node_modules/next/dist/client/dev/hot-reloader/app/hot-reloader-app.js:196
[  328832ms] [LOG] [Fast Refresh] done in 648ms @ webpack-internal:///(app-pages-browser)/./node_modules/.pnpm/next@15.5.19_react-dom@19.2.7_react@19.2.7__react@19.2.7/node_modules/next/dist/client/dev/report-hmr-latency.js:13
[  328836ms] [LOG] [Fast Refresh] rebuilding @ webpack-internal:///(app-pages-browser)/./node_modules/.pnpm/next@15.5.19_react-dom@19.2.7_react@19.2.7__react@19.2.7/node_modules/next/dist/client/dev/hot-reloader/app/hot-reloader-app.js:196
[  329436ms] [LOG] [Fast Refresh] done in 599ms @ webpack-internal:///(app-pages-browser)/./node_modules/.pnpm/next@15.5.19_react-dom@19.2.7_react@19.2.7__react@19.2.7/node_modules/next/dist/client/dev/report-hmr-latency.js:13
[  329444ms] [LOG] [Fast Refresh] rebuilding @ webpack-internal:///(app-pages-browser)/./node_modules/.pnpm/next@15.5.19_react-dom@19.2.7_react@19.2.7__react@19.2.7/node_modules/next/dist/client/dev/hot-reloader/app/hot-reloader-app.js:196
[  330648ms] [LOG] [Fast Refresh] done in 1205ms @ webpack-internal:///(app-pages-browser)/./node_modules/.pnpm/next@15.5.19_react-dom@19.2.7_react@19.2.7__react@19.2.7/node_modules/next/dist/client/dev/report-hmr-latency.js:13
[  330655ms] [LOG] [Fast Refresh] rebuilding @ webpack-internal:///(app-pages-browser)/./node_modules/.pnpm/next@15.5.19_react-dom@19.2.7_react@19.2.7__react@19.2.7/node_modules/next/dist/client/dev/hot-reloader/app/hot-reloader-app.js:196
[  331258ms] [LOG] [Fast Refresh] done in 602ms @ webpack-internal:///(app-pages-browser)/./node_modules/.pnpm/next@15.5.19_react-dom@19.2.7_react@19.2.7__react@19.2.7/node_modules/next/dist/client/dev/report-hmr-latency.js:13
[  331261ms] [LOG] [Fast Refresh] rebuilding @ webpack-internal:///(app-pages-browser)/./node_modules/.pnpm/next@15.5.19_react-dom@19.2.7_react@19.2.7__react@19.2.7/node_modules/next/dist/client/dev/hot-reloader/app/hot-reloader-app.js:196
[  332253ms] [LOG] [Fast Refresh] done in 991ms @ webpack-internal:///(app-pages-browser)/./node_modules/.pnpm/next@15.5.19_react-dom@19.2.7_react@19.2.7__react@19.2.7/node_modules/next/dist/client/dev/report-hmr-latency.js:13
[  332262ms] [LOG] [Fast Refresh] rebuilding @ webpack-internal:///(app-pages-browser)/./node_modules/.pnpm/next@15.5.19_react-dom@19.2.7_react@19.2.7__react@19.2.7/node_modules/next/dist/client/dev/hot-reloader/app/hot-reloader-app.js:196
[  332850ms] [LOG] [Fast Refresh] done in 588ms @ webpack-internal:///(app-pages-browser)/./node_modules/.pnpm/next@15.5.19_react-dom@19.2.7_react@19.2.7__react@19.2.7/node_modules/next/dist/client/dev/report-hmr-latency.js:13
[  332855ms] [LOG] [Fast Refresh] rebuilding @ webpack-internal:///(app-pages-browser)/./node_modules/.pnpm/next@15.5.19_react-dom@19.2.7_react@19.2.7__react@19.2.7/node_modules/next/dist/client/dev/hot-reloader/app/hot-reloader-app.js:196
[  333493ms] [LOG] [Fast Refresh] done in 639ms @ webpack-internal:///(app-pages-browser)/./node_modules/.pnpm/next@15.5.19_react-dom@19.2.7_react@19.2.7__react@19.2.7/node_modules/next/dist/client/dev/report-hmr-latency.js:13
[  333498ms] [LOG] [Fast Refresh] rebuilding @ webpack-internal:///(app-pages-browser)/./node_modules/.pnpm/next@15.5.19_react-dom@19.2.7_react@19.2.7__react@19.2.7/node_modules/next/dist/client/dev/hot-reloader/app/hot-reloader-app.js:196
[  334256ms] [LOG] [Fast Refresh] done in 758ms @ webpack-internal:///(app-pages-browser)/./node_modules/.pnpm/next@15.5.19_react-dom@19.2.7_react@19.2.7__react@19.2.7/node_modules/next/dist/client/dev/report-hmr-latency.js:13
[  334259ms] [LOG] [Fast Refresh] rebuilding @ webpack-internal:///(app-pages-browser)/./node_modules/.pnpm/next@15.5.19_react-dom@19.2.7_react@19.2.7__react@19.2.7/node_modules/next/dist/client/dev/hot-reloader/app/hot-reloader-app.js:196
[  334903ms] [LOG] [Fast Refresh] done in 643ms @ webpack-internal:///(app-pages-browser)/./node_modules/.pnpm/next@15.5.19_react-dom@19.2.7_react@19.2.7__react@19.2.7/node_modules/next/dist/client/dev/report-hmr-latency.js:13
[  334909ms] [LOG] [Fast Refresh] rebuilding @ webpack-internal:///(app-pages-browser)/./node_modules/.pnpm/next@15.5.19_react-dom@19.2.7_react@19.2.7__react@19.2.7/node_modules/next/dist/client/dev/hot-reloader/app/hot-reloader-app.js:196
[  335521ms] [LOG] [Fast Refresh] done in 613ms @ webpack-internal:///(app-pages-browser)/./node_modules/.pnpm/next@15.5.19_react-dom@19.2.7_react@19.2.7__react@19.2.7/node_modules/next/dist/client/dev/report-hmr-latency.js:13
[  335526ms] [LOG] [Fast Refresh] rebuilding @ webpack-internal:///(app-pages-browser)/./node_modules/.pnpm/next@15.5.19_react-dom@19.2.7_react@19.2.7__react@19.2.7/node_modules/next/dist/client/dev/hot-reloader/app/hot-reloader-app.js:196
[  336156ms] [LOG] [Fast Refresh] done in 629ms @ webpack-internal:///(app-pages-browser)/./node_modules/.pnpm/next@15.5.19_react-dom@19.2.7_react@19.2.7__react@19.2.7/node_modules/next/dist/client/dev/report-hmr-latency.js:13
[  336163ms] [LOG] [Fast Refresh] rebuilding @ webpack-internal:///(app-pages-browser)/./node_modules/.pnpm/next@15.5.19_react-dom@19.2.7_react@19.2.7__react@19.2.7/node_modules/next/dist/client/dev/hot-reloader/app/hot-reloader-app.js:196
[  336801ms] [LOG] [Fast Refresh] done in 638ms @ webpack-internal:///(app-pages-browser)/./node_modules/.pnpm/next@15.5.19_react-dom@19.2.7_react@19.2.7__react@19.2.7/node_modules/next/dist/client/dev/report-hmr-latency.js:13
[  336806ms] [LOG] [Fast Refresh] rebuilding @ webpack-internal:///(app-pages-browser)/./node_modules/.pnpm/next@15.5.19_react-dom@19.2.7_react@19.2.7__react@19.2.7/node_modules/next/dist/client/dev/hot-reloader/app/hot-reloader-app.js:196
[  337482ms] [LOG] [Fast Refresh] done in 676ms @ webpack-internal:///(app-pages-browser)/./node_modules/.pnpm/next@15.5.19_react-dom@19.2.7_react@19.2.7__react@19.2.7/node_modules/next/dist/client/dev/report-hmr-latency.js:13
[  337493ms] [LOG] [Fast Refresh] rebuilding @ webpack-internal:///(app-pages-browser)/./node_modules/.pnpm/next@15.5.19_react-dom@19.2.7_react@19.2.7__react@19.2.7/node_modules/next/dist/client/dev/hot-reloader/app/hot-reloader-app.js:196
[  338247ms] [LOG] [Fast Refresh] done in 754ms @ webpack-internal:///(app-pages-browser)/./node_modules/.pnpm/next@15.5.19_react-dom@19.2.7_react@19.2.7__react@19.2.7/node_modules/next/dist/client/dev/report-hmr-latency.js:13
[  338290ms] [LOG] [Fast Refresh] rebuilding @ webpack-internal:///(app-pages-browser)/./node_modules/.pnpm/next@15.5.19_react-dom@19.2.7_react@19.2.7__react@19.2.7/node_modules/next/dist/client/dev/hot-reloader/app/hot-reloader-app.js:196
[  338973ms] [LOG] [Fast Refresh] done in 684ms @ webpack-internal:///(app-pages-browser)/./node_modules/.pnpm/next@15.5.19_react-dom@19.2.7_react@19.2.7__react@19.2.7/node_modules/next/dist/client/dev/report-hmr-latency.js:13
[  338981ms] [LOG] [Fast Refresh] rebuilding @ webpack-internal:///(app-pages-browser)/./node_modules/.pnpm/next@15.5.19_react-dom@19.2.7_react@19.2.7__react@19.2.7/node_modules/next/dist/client/dev/hot-reloader/app/hot-reloader-app.js:196
[  339609ms] [LOG] [Fast Refresh] done in 628ms @ webpack-internal:///(app-pages-browser)/./node_modules/.pnpm/next@15.5.19_react-dom@19.2.7_react@19.2.7__react@19.2.7/node_modules/next/dist/client/dev/report-hmr-latency.js:13
[  339612ms] [LOG] [Fast Refresh] rebuilding @ webpack-internal:///(app-pages-browser)/./node_modules/.pnpm/next@15.5.19_react-dom@19.2.7_react@19.2.7__react@19.2.7/node_modules/next/dist/client/dev/hot-reloader/app/hot-reloader-app.js:196
[  340242ms] [LOG] [Fast Refresh] done in 629ms @ webpack-internal:///(app-pages-browser)/./node_modules/.pnpm/next@15.5.19_react-dom@19.2.7_react@19.2.7__react@19.2.7/node_modules/next/dist/client/dev/report-hmr-latency.js:13
[  340245ms] [LOG] [Fast Refresh] rebuilding @ webpack-internal:///(app-pages-browser)/./node_modules/.pnpm/next@15.5.19_react-dom@19.2.7_react@19.2.7__react@19.2.7/node_modules/next/dist/client/dev/hot-reloader/app/hot-reloader-app.js:196
[  341017ms] [LOG] [Fast Refresh] done in 771ms @ webpack-internal:///(app-pages-browser)/./node_modules/.pnpm/next@15.5.19_react-dom@19.2.7_react@19.2.7__react@19.2.7/node_modules/next/dist/client/dev/report-hmr-latency.js:13
[  341021ms] [LOG] [Fast Refresh] rebuilding @ webpack-internal:///(app-pages-browser)/./node_modules/.pnpm/next@15.5.19_react-dom@19.2.7_react@19.2.7__react@19.2.7/node_modules/next/dist/client/dev/hot-reloader/app/hot-reloader-app.js:196
[  342011ms] [LOG] [Fast Refresh] done in 989ms @ webpack-internal:///(app-pages-browser)/./node_modules/.pnpm/next@15.5.19_react-dom@19.2.7_react@19.2.7__react@19.2.7/node_modules/next/dist/client/dev/report-hmr-latency.js:13
[  342026ms] [LOG] [Fast Refresh] rebuilding @ webpack-internal:///(app-pages-browser)/./node_modules/.pnpm/next@15.5.19_react-dom@19.2.7_react@19.2.7__react@19.2.7/node_modules/next/dist/client/dev/hot-reloader/app/hot-reloader-app.js:196
[  342817ms] [LOG] [Fast Refresh] done in 791ms @ webpack-internal:///(app-pages-browser)/./node_modules/.pnpm/next@15.5.19_react-dom@19.2.7_react@19.2.7__react@19.2.7/node_modules/next/dist/client/dev/report-hmr-latency.js:13
[  342821ms] [LOG] [Fast Refresh] rebuilding @ webpack-internal:///(app-pages-browser)/./node_modules/.pnpm/next@15.5.19_react-dom@19.2.7_react@19.2.7__react@19.2.7/node_modules/next/dist/client/dev/hot-reloader/app/hot-reloader-app.js:196
[  343515ms] [LOG] [Fast Refresh] done in 694ms @ webpack-internal:///(app-pages-browser)/./node_modules/.pnpm/next@15.5.19_react-dom@19.2.7_react@19.2.7__react@19.2.7/node_modules/next/dist/client/dev/report-hmr-latency.js:13
[  343520ms] [LOG] [Fast Refresh] rebuilding @ webpack-internal:///(app-pages-browser)/./node_modules/.pnpm/next@15.5.19_react-dom@19.2.7_react@19.2.7__react@19.2.7/node_modules/next/dist/client/dev/hot-reloader/app/hot-reloader-app.js:196
[  344168ms] [LOG] [Fast Refresh] done in 648ms @ webpack-internal:///(app-pages-browser)/./node_modules/.pnpm/next@15.5.19_react-dom@19.2.7_react@19.2.7__react@19.2.7/node_modules/next/dist/client/dev/report-hmr-latency.js:13
[  344176ms] [LOG] [Fast Refresh] rebuilding @ webpack-internal:///(app-pages-browser)/./node_modules/.pnpm/next@15.5.19_react-dom@19.2.7_react@19.2.7__react@19.2.7/node_modules/next/dist/client/dev/hot-reloader/app/hot-reloader-app.js:196
[  344843ms] [LOG] [Fast Refresh] done in 667ms @ webpack-internal:///(app-pages-browser)/./node_modules/.pnpm/next@15.5.19_react-dom@19.2.7_react@19.2.7__react@19.2.7/node_modules/next/dist/client/dev/report-hmr-latency.js:13
[  344847ms] [LOG] [Fast Refresh] rebuilding @ webpack-internal:///(app-pages-browser)/./node_modules/.pnpm/next@15.5.19_react-dom@19.2.7_react@19.2.7__react@19.2.7/node_modules/next/dist/client/dev/hot-reloader/app/hot-reloader-app.js:196
[  345473ms] [LOG] [Fast Refresh] done in 627ms @ webpack-internal:///(app-pages-browser)/./node_modules/.pnpm/next@15.5.19_react-dom@19.2.7_react@19.2.7__react@19.2.7/node_modules/next/dist/client/dev/report-hmr-latency.js:13
[  345477ms] [LOG] [Fast Refresh] rebuilding @ webpack-internal:///(app-pages-browser)/./node_modules/.pnpm/next@15.5.19_react-dom@19.2.7_react@19.2.7__react@19.2.7/node_modules/next/dist/client/dev/hot-reloader/app/hot-reloader-app.js:196
[  346128ms] [LOG] [Fast Refresh] done in 651ms @ webpack-internal:///(app-pages-browser)/./node_modules/.pnpm/next@15.5.19_react-dom@19.2.7_react@19.2.7__react@19.2.7/node_modules/next/dist/client/dev/report-hmr-latency.js:13
[  346132ms] [LOG] [Fast Refresh] rebuilding @ webpack-internal:///(app-pages-browser)/./node_modules/.pnpm/next@15.5.19_react-dom@19.2.7_react@19.2.7__react@19.2.7/node_modules/next/dist/client/dev/hot-reloader/app/hot-reloader-app.js:196
[  346776ms] [LOG] [Fast Refresh] done in 644ms @ webpack-internal:///(app-pages-browser)/./node_modules/.pnpm/next@15.5.19_react-dom@19.2.7_react@19.2.7__react@19.2.7/node_modules/next/dist/client/dev/report-hmr-latency.js:13
[  346781ms] [LOG] [Fast Refresh] rebuilding @ webpack-internal:///(app-pages-browser)/./node_modules/.pnpm/next@15.5.19_react-dom@19.2.7_react@19.2.7__react@19.2.7/node_modules/next/dist/client/dev/hot-reloader/app/hot-reloader-app.js:196
[  347406ms] [LOG] [Fast Refresh] done in 625ms @ webpack-internal:///(app-pages-browser)/./node_modules/.pnpm/next@15.5.19_react-dom@19.2.7_react@19.2.7__react@19.2.7/node_modules/next/dist/client/dev/report-hmr-latency.js:13
[  347412ms] [LOG] [Fast Refresh] rebuilding @ webpack-internal:///(app-pages-browser)/./node_modules/.pnpm/next@15.5.19_react-dom@19.2.7_react@19.2.7__react@19.2.7/node_modules/next/dist/client/dev/hot-reloader/app/hot-reloader-app.js:196
[  348387ms] [LOG] [Fast Refresh] done in 975ms @ webpack-internal:///(app-pages-browser)/./node_modules/.pnpm/next@15.5.19_react-dom@19.2.7_react@19.2.7__react@19.2.7/node_modules/next/dist/client/dev/report-hmr-latency.js:13
[  348392ms] [LOG] [Fast Refresh] rebuilding @ webpack-internal:///(app-pages-browser)/./node_modules/.pnpm/next@15.5.19_react-dom@19.2.7_react@19.2.7__react@19.2.7/node_modules/next/dist/client/dev/hot-reloader/app/hot-reloader-app.js:196
[  349366ms] [LOG] [Fast Refresh] done in 973ms @ webpack-internal:///(app-pages-browser)/./node_modules/.pnpm/next@15.5.19_react-dom@19.2.7_react@19.2.7__react@19.2.7/node_modules/next/dist/client/dev/report-hmr-latency.js:13
[  349373ms] [LOG] [Fast Refresh] rebuilding @ webpack-internal:///(app-pages-browser)/./node_modules/.pnpm/next@15.5.19_react-dom@19.2.7_react@19.2.7__react@19.2.7/node_modules/next/dist/client/dev/hot-reloader/app/hot-reloader-app.js:196
[  350156ms] [LOG] [Fast Refresh] done in 783ms @ webpack-internal:///(app-pages-browser)/./node_modules/.pnpm/next@15.5.19_react-dom@19.2.7_react@19.2.7__react@19.2.7/node_modules/next/dist/client/dev/report-hmr-latency.js:13
[  350161ms] [LOG] [Fast Refresh] rebuilding @ webpack-internal:///(app-pages-browser)/./node_modules/.pnpm/next@15.5.19_react-dom@19.2.7_react@19.2.7__react@19.2.7/node_modules/next/dist/client/dev/hot-reloader/app/hot-reloader-app.js:196
[  351216ms] [LOG] [Fast Refresh] done in 1055ms @ webpack-internal:///(app-pages-browser)/./node_modules/.pnpm/next@15.5.19_react-dom@19.2.7_react@19.2.7__react@19.2.7/node_modules/next/dist/client/dev/report-hmr-latency.js:13
[  351224ms] [LOG] [Fast Refresh] rebuilding @ webpack-internal:///(app-pages-browser)/./node_modules/.pnpm/next@15.5.19_react-dom@19.2.7_react@19.2.7__react@19.2.7/node_modules/next/dist/client/dev/hot-reloader/app/hot-reloader-app.js:196
[  352169ms] [LOG] [Fast Refresh] done in 946ms @ webpack-internal:///(app-pages-browser)/./node_modules/.pnpm/next@15.5.19_react-dom@19.2.7_react@19.2.7__react@19.2.7/node_modules/next/dist/client/dev/report-hmr-latency.js:13
[  352180ms] [LOG] [Fast Refresh] rebuilding @ webpack-internal:///(app-pages-browser)/./node_modules/.pnpm/next@15.5.19_react-dom@19.2.7_react@19.2.7__react@19.2.7/node_modules/next/dist/client/dev/hot-reloader/app/hot-reloader-app.js:196
[  353041ms] [LOG] [Fast Refresh] done in 860ms @ webpack-internal:///(app-pages-browser)/./node_modules/.pnpm/next@15.5.19_react-dom@19.2.7_react@19.2.7__react@19.2.7/node_modules/next/dist/client/dev/report-hmr-latency.js:13
[  353046ms] [LOG] [Fast Refresh] rebuilding @ webpack-internal:///(app-pages-browser)/./node_modules/.pnpm/next@15.5.19_react-dom@19.2.7_react@19.2.7__react@19.2.7/node_modules/next/dist/client/dev/hot-reloader/app/hot-reloader-app.js:196
[  354088ms] [LOG] [Fast Refresh] done in 1041ms @ webpack-internal:///(app-pages-browser)/./node_modules/.pnpm/next@15.5.19_react-dom@19.2.7_react@19.2.7__react@19.2.7/node_modules/next/dist/client/dev/report-hmr-latency.js:13
[  354094ms] [LOG] [Fast Refresh] rebuilding @ webpack-internal:///(app-pages-browser)/./node_modules/.pnpm/next@15.5.19_react-dom@19.2.7_react@19.2.7__react@19.2.7/node_modules/next/dist/client/dev/hot-reloader/app/hot-reloader-app.js:196
[  355117ms] [LOG] [Fast Refresh] done in 1022ms @ webpack-internal:///(app-pages-browser)/./node_modules/.pnpm/next@15.5.19_react-dom@19.2.7_react@19.2.7__react@19.2.7/node_modules/next/dist/client/dev/report-hmr-latency.js:13
[  355124ms] [LOG] [Fast Refresh] rebuilding @ webpack-internal:///(app-pages-browser)/./node_modules/.pnpm/next@15.5.19_react-dom@19.2.7_react@19.2.7__react@19.2.7/node_modules/next/dist/client/dev/hot-reloader/app/hot-reloader-app.js:196
